Const,Your Rating,Date Rated,Title,URL,Title Type,IMDb Rating,Runtime (mins),Year,Genres,Num Votes,Release Date,Directors
tt10008916,10,2023-01-16,The Grand Tour: The Mongolia Special-Survival of the Fattest,https://www.imdb.com/title/tt10008916/,tvEpisode,9.7,92,2019,"Comedy, Sport, Talk-Show",3795,2019-04-05,Phil Churchward
tt1001526,8,2022-04-14,Megamind,https://www.imdb.com/title/tt1001526/,movie,7.3,95,2010,"Animation, Action, Comedy, Crime, Family, Mystery, Sci-Fi, Thriller",272966,2010-10-28,Tom McGrath
tt10140028,7,2021-09-05,Q-Force,https://www.imdb.com/title/tt10140028/,tvSeries,6.6,30,2021,"Animation, Action, Adventure, Comedy, Crime, Fantasy, Sci-Fi",5989,2021-09-02,
tt10160804,8,2021-12-13,Hawkeye,https://www.imdb.com/title/tt10160804/,tvMiniSeries,7.5,339,2021,"Action, Adventure, Crime, Mystery, Sci-Fi",191293,2021-11-11,
tt10161310,8,2021-02-08,WandaVision: Don't Touch That Dial,https://www.imdb.com/title/tt10161310/,tvEpisode,7.6,37,2021,"Action, Comedy, Drama, Fantasy, Romance, Sci-Fi",24709,2021-01-15,Matt Shakman
tt10161312,6,2021-02-08,WandaVision: Now in Color,https://www.imdb.com/title/tt10161312/,tvEpisode,8.0,33,2021,"Action, Comedy, Drama, Fantasy, Romance, Sci-Fi",22993,2021-01-22,Matt Shakman
tt10161316,9,2021-06-16,WandaVision: We Interrupt This Program,https://www.imdb.com/title/tt10161316/,tvEpisode,8.7,35,2021,"Action, Comedy, Drama, Fantasy, Romance, Sci-Fi",24649,2021-01-29,Matt Shakman
tt10161318,9,2021-02-08,WandaVision: On a Very Special Episode...,https://www.imdb.com/title/tt10161318/,tvEpisode,8.9,42,2021,"Action, Comedy, Drama, Fantasy, Romance, Sci-Fi",24387,2021-02-05,Matt Shakman
tt10161330,9,2021-07-10,Loki: Glorious Purpose,https://www.imdb.com/title/tt10161330/,tvEpisode,8.6,51,2021,"Action, Adventure, Fantasy, Sci-Fi",30142,2021-06-09,Kate Herron
tt10161334,9,2021-07-10,Loki: The Variant,https://www.imdb.com/title/tt10161334/,tvEpisode,8.7,53,2021,"Action, Adventure, Fantasy, Sci-Fi",27059,2021-06-16,Kate Herron
tt10161336,8,2021-07-10,Loki: Lamentis,https://www.imdb.com/title/tt10161336/,tvEpisode,7.7,42,2021,"Action, Adventure, Fantasy, Sci-Fi",24740,2021-06-23,Kate Herron
tt10161338,10,2021-07-10,Loki: Journey Into Mystery,https://www.imdb.com/title/tt10161338/,tvEpisode,8.9,48,2021,"Action, Adventure, Fantasy, Sci-Fi",22480,2021-07-07,Kate Herron
tt10161340,9,2021-07-10,Loki: The Nexus Event,https://www.imdb.com/title/tt10161340/,tvEpisode,9.0,48,2021,"Action, Adventure, Fantasy, Sci-Fi",25878,2021-06-30,Kate Herron
tt10161342,6,2021-07-16,Loki: For All Time. Always.,https://www.imdb.com/title/tt10161342/,tvEpisode,8.6,45,2021,"Action, Adventure, Fantasy, Sci-Fi",22540,2021-07-14,Kate Herron
tt10166574,9,2021-12-04,Hawkeye: Never Meet Your Heroes,https://www.imdb.com/title/tt10166574/,tvEpisode,7.5,47,2021,"Action, Adventure, Crime, Mystery, Sci-Fi",13046,2021-11-11,Rhys Thomas
tt10166576,8,2021-12-04,Hawkeye: Hide and Seek,https://www.imdb.com/title/tt10166576/,tvEpisode,7.6,49,2021,"Action, Adventure, Crime, Mystery, Sci-Fi",12039,2021-11-24,Rhys Thomas
tt10166578,7,2021-12-13,"Hawkeye: Partners, Am I Right?",https://www.imdb.com/title/tt10166578/,tvEpisode,8.0,39,2021,"Action, Adventure, Crime, Mystery, Sci-Fi",10305,2021-12-08,"Bertie, Bert"
tt10166580,8,2021-12-04,Hawkeye: Echoes,https://www.imdb.com/title/tt10166580/,tvEpisode,8.2,42,2021,"Action, Adventure, Crime, Mystery, Sci-Fi",11494,2021-12-01,"Bertie, Bert"
tt10166582,8,2022-04-14,Hawkeye: So This Is Christmas?,https://www.imdb.com/title/tt10166582/,tvEpisode,8.0,61,2021,"Action, Adventure, Crime, Mystery, Sci-Fi",11073,2021-12-22,Rhys Thomas
tt10166584,9,2022-04-28,Hawkeye: Ronin,https://www.imdb.com/title/tt10166584/,tvEpisode,8.5,44,2021,"Action, Adventure, Crime, Mystery, Sci-Fi",10760,2021-12-15,"Bertie, Bert"
tt10231312,8,2021-11-12,Inside Job,https://www.imdb.com/title/tt10231312/,tvSeries,7.7,30,2021,"Animation, Comedy, Fantasy, Sci-Fi",24656,2021-10-22,
tt10234724,8,2022-12-25,Moon Knight,https://www.imdb.com/title/tt10234724/,tvMiniSeries,7.3,,2022,"Action, Adventure, Fantasy",239415,2022-03-30,
tt10366206,8,2023-04-08,John Wick: Chapter 4,https://www.imdb.com/title/tt10366206/,movie,8.3,169,2023,"Action, Crime, Thriller",106008,2023-03-13,Chad Stahelski
tt1043813,5,2021-06-16,Titans,https://www.imdb.com/title/tt1043813/,tvSeries,7.5,45,2018,"Action, Adventure, Crime, Drama, Fantasy, Sci-Fi",104580,2018-10-03,
tt10468230,4,2021-08-06,"Love, Death & Robots: Pop Squad",https://www.imdb.com/title/tt10468230/,tvEpisode,8.1,18,2021,"Animation, Short, Action, Adventure, Comedy, Drama, Fantasy, Horror, Mystery, Sci-Fi, Thriller",12710,2021-05-14,"Jennifer Yuh Nelson, Franck Balson"
tt10519880,4,2021-07-11,Lucifer: Bloody Celestial Karaoke Jam,https://www.imdb.com/title/tt10519880/,tvEpisode,7.5,60,2021,"Crime, Drama, Fantasy",5352,2021-05-28,Sherwin Shilati
tt1055366,7,2023-03-28,Camp Rock,https://www.imdb.com/title/tt1055366/,tvMovie,5.2,94,2008,"Comedy, Drama, Family, Music, Musical, Romance",35132,2008-06-20,Matthew Diamond
tt1055369,2,2022-09-19,Transformers: Revenge of the Fallen,https://www.imdb.com/title/tt1055369/,movie,5.9,149,2009,"Action, Adventure, Sci-Fi",412971,2009-06-08,Michael Bay
tt10558964,7,2021-12-17,Clarkson's Farm: Tractoring,https://www.imdb.com/title/tt10558964/,tvEpisode,8.4,54,2021,"Documentary, Comedy, Reality-TV",1372,2021-06-10,Gavin Whitehead
tt10648342,6,2022-10-09,Thor: Love and Thunder,https://www.imdb.com/title/tt10648342/,movie,6.3,118,2022,"Action, Adventure, Comedy, Fantasy, Romance, Sci-Fi",355622,2022-06-23,Taika Waititi
tt10670784,6,2021-09-18,What If...?: What If... Captain Carter Were the First Avenger?,https://www.imdb.com/title/tt10670784/,tvEpisode,7.0,31,2021,"Animation, Action, Adventure, Sci-Fi",18972,2021-08-11,Bryan Andrews
tt0107120,5,2022-10-01,Hocus Pocus,https://www.imdb.com/title/tt0107120/,movie,6.9,96,1993,"Comedy, Family, Fantasy, Horror",145261,1993-07-16,Kenny Ortega
tt1074638,6,2021-06-11,Skyfall,https://www.imdb.com/title/tt1074638/,movie,7.8,143,2012,"Action, Adventure, Thriller",706920,2012-10-23,Sam Mendes
tt10838180,10,2022-02-06,The Matrix Resurrections,https://www.imdb.com/title/tt10838180/,movie,5.7,148,2021,"Action, Sci-Fi",258366,2021-12-16,Lana Wachowski
tt10857160,8,2022-12-25,She-Hulk: Attorney at Law,https://www.imdb.com/title/tt10857160/,tvSeries,5.2,35,2022,"Action, Adventure, Comedy, Drama, Sci-Fi",174694,2022-08-18,
tt10857164,6,2022-07-29,Ms. Marvel,https://www.imdb.com/title/tt10857164/,tvMiniSeries,6.2,271,2022,"Action, Adventure, Comedy, Crime, Drama, Family, Fantasy, Mystery, Sci-Fi",107483,2022-06-08,
tt10872600,6,2022-04-28,Spider-Man: No Way Home,https://www.imdb.com/title/tt10872600/,movie,8.2,148,2021,"Action, Adventure, Fantasy, Sci-Fi",784578,2021-12-13,Jon Watts
tt10954984,9,2022-12-25,Nope,https://www.imdb.com/title/tt10954984/,movie,6.8,130,2022,"Horror, Mystery, Sci-Fi, Thriller",214992,2022-07-18,Jordan Peele
tt11083552,9,2021-06-12,Wrath of Man,https://www.imdb.com/title/tt11083552/,movie,7.1,119,2021,"Action, Crime, Thriller",186927,2021-04-22,Guy Ritchie
tt11126994,9,2022-08-28,Arcane: League of Legends,https://www.imdb.com/title/tt11126994/,tvSeries,9.0,41,2021,"Animation, Action, Adventure, Drama, Fantasy, Sci-Fi",223291,2021-11-06,
tt11172054,7,2023-02-20,Stranger Things: Chapter Eight: Papa,https://www.imdb.com/title/tt11172054/,tvEpisode,8.6,85,2022,"Drama, Fantasy, Horror, Mystery, Sci-Fi, Thriller",20180,2022-07-01,"Ross Duffer, Matt Duffer"
tt1119646,4,2023-01-29,The Hangover,https://www.imdb.com/title/tt1119646/,movie,7.7,100,2009,Comedy,802134,2009-05-30,Todd Phillips
tt11213824,8,2023-02-12,American Gods: The Rapture of Burning,https://www.imdb.com/title/tt11213824/,tvEpisode,6.3,51,2021,"Drama, Fantasy, Mystery",1067,2021-03-07,Tim Southam
tt0112442,5,2023-01-29,Bad Boys,https://www.imdb.com/title/tt0112442/,movie,6.8,119,1995,"Action, Comedy, Crime, Thriller",273100,1995-04-06,Michael Bay
tt11284740,7,2021-07-11,Lucifer: Family Dinner,https://www.imdb.com/title/tt11284740/,tvEpisode,8.3,55,2021,"Crime, Drama, Fantasy",3473,2021-05-28,Nathan Hope
tt11284746,1,2021-07-05,Lucifer: Daniel Espinoza: Naked and Afraid,https://www.imdb.com/title/tt11284746/,tvEpisode,8.2,58,2021,"Crime, Drama, Fantasy",3832,2021-05-28,Greg Beeman
tt11284748,5,2021-07-11,Lucifer: A Little Harmless Stalking,https://www.imdb.com/title/tt11284748/,tvEpisode,8.1,61,2021,"Crime, Drama, Fantasy",2867,2021-05-28,Richard Speight Jr.
tt11284750,6,2021-07-11,Lucifer: Nothing Lasts Forever,https://www.imdb.com/title/tt11284750/,tvEpisode,8.7,59,2021,"Crime, Drama, Fantasy",3062,2021-05-28,Lisa Demaine
tt11284754,9,2021-07-11,Lucifer: Is This Really How It's Going To End?!,https://www.imdb.com/title/tt11284754/,tvEpisode,9.2,63,2021,"Crime, Drama, Fantasy",4108,2021-05-28,Ildy Modrovich
tt11291232,1,2022-12-19,Brooklyn Nine-Nine: The Good Ones,https://www.imdb.com/title/tt11291232/,tvEpisode,4.9,21,2021,"Comedy, Crime",7062,2021-08-12,Cortney Carrillo
tt11302324,8,2022-04-28,James May: Our Man in...,https://www.imdb.com/title/tt11302324/,tvSeries,8.2,50,2020,"Documentary, Adventure, Comedy",8114,2020-01-02,
tt1131734,10,2022-10-31,Jennifer's Body,https://www.imdb.com/title/tt1131734/,movie,5.4,102,2009,"Comedy, Horror",140069,2009-09-10,Karyn Kusama
tt0113189,5,2021-06-11,GoldenEye,https://www.imdb.com/title/tt0113189/,movie,7.2,130,1995,"Action, Adventure, Thriller",261815,1995-11-13,Martin Campbell
tt1132642,9,2021-09-18,"Avatar: The Last Airbender: The Day of Black Sun, Part 2: The Eclipse",https://www.imdb.com/title/tt1132642/,tvEpisode,9.4,22,2007,"Animation, Action, Adventure, Family, Fantasy, Mystery",4486,2007-11-30,Joaquim Dos Santos
tt1136036,10,2021-09-18,Avatar: The Last Airbender: The Western Air Temple,https://www.imdb.com/title/tt1136036/,tvEpisode,8.9,25,2007,"Animation, Action, Adventure, Family, Fantasy, Mystery",4038,2007-12-14,Ethan Spaulding
tt11454722,9,2022-04-14,Generation,https://www.imdb.com/title/tt11454722/,tvSeries,7.0,30,2021,"Comedy, Drama",5649,2021-03-11,
tt11564570,9,2023-03-02,Glass Onion,https://www.imdb.com/title/tt11564570/,movie,7.2,139,2022,"Comedy, Crime, Drama, Mystery, Thriller",377540,2022-09-13,Rian Johnson
tt1160419,8,2022-04-14,Dune: Part One,https://www.imdb.com/title/tt1160419/,movie,8.0,155,2021,"Action, Adventure, Drama, Sci-Fi",662159,2021-09-03,Denis Villeneuve
tt11639414,9,2022-12-25,The Midnight Gospel,https://www.imdb.com/title/tt11639414/,tvSeries,8.2,23,2020,"Animation, Adventure, Comedy, Fantasy, Sci-Fi",21475,2020-04-20,
tt11733006,8,2021-12-17,Clarkson's Farm: Sheeping,https://www.imdb.com/title/tt11733006/,tvEpisode,8.7,50,2021,"Documentary, Comedy, Reality-TV",1278,2021-06-11,Gavin Whitehead
tt11733010,7,2021-12-17,Clarkson's Farm: Shopping,https://www.imdb.com/title/tt11733010/,tvEpisode,8.7,52,2021,"Documentary, Comedy, Reality-TV",1172,2021-06-11,Gavin Whitehead
tt11733014,5,2021-12-17,Clarkson's Farm: Wilding,https://www.imdb.com/title/tt11733014/,tvEpisode,8.6,48,2021,"Documentary, Comedy, Reality-TV",1139,2021-06-11,Gavin Whitehead
tt11733016,7,2021-12-18,Clarkson's Farm: Pan (dem) icking,https://www.imdb.com/title/tt11733016/,tvEpisode,8.8,46,2021,"Documentary, Comedy, Reality-TV",1180,2021-06-11,Gavin Whitehead
tt11733028,8,2021-12-18,Clarkson's Farm: Melting,https://www.imdb.com/title/tt11733028/,tvEpisode,8.5,41,2021,"Documentary, Comedy, Reality-TV",1069,2021-06-11,Gavin Whitehead
tt1176477,8,2021-09-18,Avatar: The Last Airbender: The Boiling Rock: Part 1,https://www.imdb.com/title/tt1176477/,tvEpisode,8.6,23,2008,"Animation, Action, Adventure, Family, Fantasy, Mystery",3873,2008-05-06,Joaquim Dos Santos
tt11859040,8,2021-07-24,The Flash: All's Wells That Ends Wells,https://www.imdb.com/title/tt11859040/,tvEpisode,7.1,42,2021,"Action, Adventure, Drama, Sci-Fi",2246,2021-03-02,Geoffrey Wing Shotz
tt1190634,8,2021-06-16,The Boys,https://www.imdb.com/title/tt1190634/,tvSeries,8.7,60,2019,"Action, Comedy, Crime, Drama, Sci-Fi",542233,2019-07-16,
tt0119081,8,2023-01-29,Event Horizon,https://www.imdb.com/title/tt0119081/,movie,6.6,96,1997,"Horror, Sci-Fi, Thriller",186458,1997-08-15,Paul W.S. Anderson
tt1193652,8,2021-09-18,Avatar: The Last Airbender: The Southern Raiders,https://www.imdb.com/title/tt1193652/,tvEpisode,8.9,24,2008,"Animation, Action, Adventure, Family, Fantasy, Mystery",4157,2008-07-17,Joaquim Dos Santos
tt1194313,9,2021-09-18,"Avatar: The Last Airbender: The Boiling Rock, Part 2",https://www.imdb.com/title/tt1194313/,tvEpisode,9.2,22,2008,"Animation, Action, Adventure, Family, Fantasy, Mystery",4264,2008-05-06,Ethan Spaulding
tt0119654,7,2023-01-29,Men in Black,https://www.imdb.com/title/tt0119654/,movie,7.3,98,1997,"Action, Adventure, Comedy, Sci-Fi",580543,1997-06-25,Barry Sonnenfeld
tt11970572,10,2022-12-19,The Midnight Gospel: Taste of the King,https://www.imdb.com/title/tt11970572/,tvEpisode,7.8,21,2020,"Animation, Adventure, Comedy, Fantasy, Sci-Fi",1554,2020-04-20,"Mike L. Mayfield, Pendleton Ward"
tt1204261,10,2021-09-18,Avatar: The Last Airbender: The Ember Island Players,https://www.imdb.com/title/tt1204261/,tvEpisode,8.5,25,2008,"Animation, Action, Adventure, Family, Fantasy, Mystery",4372,2008-07-18,Giancarlo Volpe
tt1204262,9,2021-09-18,"Avatar: The Last Airbender: Sozin's Comet, Part 1: The Phoenix King",https://www.imdb.com/title/tt1204262/,tvEpisode,9.0,22,2008,"Animation, Action, Adventure, Family, Fantasy, Mystery",4688,2008-07-19,Ethan Spaulding
tt1204263,9,2021-09-18,"Avatar: The Last Airbender: Sozin's Comet, Part 2: The Old Masters",https://www.imdb.com/title/tt1204263/,tvEpisode,9.5,22,2008,"Animation, Action, Adventure, Family, Fantasy, Mystery",5194,2008-07-19,Giancarlo Volpe
tt1204264,9,2021-09-18,"Avatar: The Last Airbender: Sozin's Comet, Part 3: Into the Inferno",https://www.imdb.com/title/tt1204264/,tvEpisode,9.8,22,2008,"Animation, Action, Adventure, Family, Fantasy, Mystery",7658,2008-07-19,Joaquim Dos Santos
tt1204265,10,2021-09-18,"Avatar: The Last Airbender: Sozin's Comet, Part 4: Avatar Aang",https://www.imdb.com/title/tt1204265/,tvEpisode,9.9,21,2008,"Animation, Action, Adventure, Family, Fantasy, Mystery",12858,2008-07-19,Joaquim Dos Santos
tt0120611,8,2023-01-29,Blade,https://www.imdb.com/title/tt0120611/,movie,7.1,120,1998,"Action, Horror, Sci-Fi",282268,1998-08-19,Stephen Norrington
tt0120812,8,2022-01-14,Rush Hour,https://www.imdb.com/title/tt0120812/,movie,7.0,98,1998,"Action, Comedy, Crime, Thriller",277084,1998-09-18,Brett Ratner
tt0120903,7,2022-04-29,X-Men,https://www.imdb.com/title/tt0120903/,movie,7.3,104,2000,"Action, Adventure, Sci-Fi",624631,2000-07-12,Bryan Singer
tt0120912,7,2023-01-29,Men in Black II,https://www.imdb.com/title/tt0120912/,movie,6.2,88,2002,"Action, Adventure, Comedy, Mystery, Sci-Fi",384212,2002-07-03,Barry Sonnenfeld
tt12176306,8,2022-12-19,The Midnight Gospel: Officers and Wolves,https://www.imdb.com/title/tt12176306/,tvEpisode,7.6,19,2020,"Animation, Adventure, Comedy, Fantasy, Sci-Fi",1226,2020-04-20,"Mike L. Mayfield, Pendleton Ward"
tt12176308,9,2022-12-19,The Midnight Gospel: Hunters Without a Home,https://www.imdb.com/title/tt12176308/,tvEpisode,7.9,25,2020,"Animation, Adventure, Comedy, Fantasy, Sci-Fi",1076,2020-04-20,"Mike L. Mayfield, Pendleton Ward"
tt1229238,5,2022-10-09,Mission: Impossible - Ghost Protocol,https://www.imdb.com/title/tt1229238/,movie,7.4,132,2011,"Action, Adventure, Thriller",498999,2011-12-07,Brad Bird
tt12312450,9,2022-06-09,The Boys: Payback,https://www.imdb.com/title/tt12312450/,tvEpisode,8.3,61,2022,"Action, Comedy, Crime, Drama, Sci-Fi",12211,2022-06-03,Philip Sgriccia
tt1231583,7,2021-09-05,Due Date,https://www.imdb.com/title/tt1231583/,movie,6.5,95,2010,"Comedy, Drama",349017,2010-10-31,Todd Phillips
tt12361974,6,2021-05-31,Zack Snyder's Justice League,https://www.imdb.com/title/tt12361974/,movie,8.0,242,2021,"Action, Adventure, Fantasy, Sci-Fi",408912,2021-03-18,Zack Snyder
tt12396812,8,2022-04-28,Rick and Morty: Mort Dinner Rick Andre,https://www.imdb.com/title/tt12396812/,tvEpisode,9.0,22,2021,"Animation, Adventure, Comedy, Sci-Fi",13736,2021-06-20,"Wesley Archer, Jacob Hair"
tt12585334,6,2021-09-29,Lucifer: Nothing Ever Changes Around Here,https://www.imdb.com/title/tt12585334/,tvEpisode,7.6,48,2021,"Crime, Drama, Fantasy",2929,2021-09-10,Kevin Alejandro
tt12642764,9,2022-09-19,Dead End: Paranormal Park,https://www.imdb.com/title/tt12642764/,tvSeries,6.9,30,2022,"Animation, Short, Adventure, Comedy, Family, Fantasy, Horror, Mystery",2618,2022-06-16,
tt1270797,4,2023-01-29,Venom,https://www.imdb.com/title/tt1270797/,movie,6.6,112,2018,"Action, Adventure, Sci-Fi",499880,2018-10-01,Ruben Fleischer
tt1270798,8,2022-04-29,X: First Class,https://www.imdb.com/title/tt1270798/,movie,7.7,131,2011,"Action, Sci-Fi",701933,2011-05-25,Matthew Vaughn
tt12769332,7,2023-01-16,The Grand Tour: The Grand Tour Presents: A Massive Hunt,https://www.imdb.com/title/tt12769332/,tvEpisode,7.9,90,2020,"Comedy, Sport, Talk-Show",3168,2020-12-17,Phil Churchward
tt12810166,8,2023-02-20,Stranger Things: Chapter Nine: The Piggyback,https://www.imdb.com/title/tt12810166/,tvEpisode,9.0,139,2022,"Drama, Fantasy, Horror, Mystery, Sci-Fi, Thriller",30679,2022-07-01,"Ross Duffer, Matt Duffer"
tt1289401,8,2022-10-09,Ghostbusters,https://www.imdb.com/title/tt1289401/,movie,6.8,117,2016,"Action, Comedy, Fantasy, Sci-Fi",235975,2016-07-09,Paul Feig
tt1293847,6,2023-01-29,xXx: Return of Xander Cage,https://www.imdb.com/title/tt1293847/,movie,5.2,107,2017,"Action, Adventure, Thriller",94016,2017-01-05,D.J. Caruso
tt1302011,9,2023-02-28,Kung Fu Panda 2,https://www.imdb.com/title/tt1302011/,movie,7.2,90,2011,"Animation, Action, Adventure, Comedy, Drama, Family, Fantasy",295796,2011-05-22,Jennifer Yuh Nelson
tt13063432,8,2021-09-29,Lucifer: Buckets of Baggage,https://www.imdb.com/title/tt13063432/,tvEpisode,7.6,56,2021,"Crime, Drama, Fantasy",2732,2021-09-10,Richard Speight Jr.
tt13063434,8,2021-10-01,Lucifer: Yabba Dabba Do Me,https://www.imdb.com/title/tt13063434/,tvEpisode,8.2,45,2021,"Crime, Drama, Fantasy",2868,2021-09-10,Nathan Hope
tt13079588,7,2022-03-21,Doom Patrol: Possibilities Patrol,https://www.imdb.com/title/tt13079588/,tvEpisode,7.7,,2021,"Action, Adventure, Comedy, Drama, Mystery, Sci-Fi",1111,2021-09-23,Dermott Downs
tt13106186,7,2021-09-18,What If...?: What If... T'Challa Became a Star-Lord?,https://www.imdb.com/title/tt13106186/,tvEpisode,7.8,32,2021,"Animation, Action, Adventure, Sci-Fi",17183,2021-08-18,Bryan Andrews
tt13106188,6,2021-09-18,What If...?: What If... The World Lost Its Mightiest Heroes?,https://www.imdb.com/title/tt13106188/,tvEpisode,7.8,30,2021,"Animation, Action, Adventure, Sci-Fi",15000,2021-08-25,Bryan Andrews
tt13106190,9,2021-09-30,What If...?: What If... Doctor Strange Lost His Heart Instead of His Hands?,https://www.imdb.com/title/tt13106190/,tvEpisode,8.8,35,2021,"Animation, Action, Adventure, Sci-Fi",19274,2021-09-01,Bryan Andrews
tt13106194,8,2022-04-28,What If...?: What If... Zombies?!,https://www.imdb.com/title/tt13106194/,tvEpisode,7.7,32,2021,"Animation, Action, Adventure, Sci-Fi",14363,2021-09-08,Bryan Andrews
tt13106196,5,2021-09-30,What If...?: What If... Killmonger Rescued Tony Stark?,https://www.imdb.com/title/tt13106196/,tvEpisode,6.7,33,2021,"Animation, Action, Adventure, Sci-Fi",12056,2021-09-15,Bryan Andrews
tt13106200,5,2021-09-30,What If...?: What If... Thor Were an Only Child?,https://www.imdb.com/title/tt13106200/,tvEpisode,6.4,35,2021,"Animation, Action, Adventure, Sci-Fi",12519,2021-09-22,Bryan Andrews
tt13106212,5,2022-04-14,What If...?: What If... The Watcher Broke His Oath?,https://www.imdb.com/title/tt13106212/,tvEpisode,8.4,33,2021,"Animation, Action, Adventure, Sci-Fi",10670,2021-10-06,Bryan Andrews
tt1312171,8,2021-06-16,The Umbrella Academy,https://www.imdb.com/title/tt1312171/,tvSeries,7.9,60,2019,"Action, Adventure, Comedy, Drama, Fantasy, Sci-Fi",256109,2019-02-15,
tt13143082,5,2021-09-19,"Supergirl: Welcome Back, Kara",https://www.imdb.com/title/tt13143082/,tvEpisode,6.9,42,2021,"Action, Adventure, Drama, Sci-Fi",843,2021-08-24,Armen V. Kevorkian
tt13146488,9,2022-05-03,Peacemaker,https://www.imdb.com/title/tt13146488/,tvSeries,8.3,40,2022,"Action, Adventure, Comedy, Crime, Fantasy, Sci-Fi",117818,2022-01-12,
tt13152020,8,2022-04-28,Peacemaker: A Whole New Whirled,https://www.imdb.com/title/tt13152020/,tvEpisode,8.1,46,2022,"Action, Adventure, Comedy, Crime, Fantasy, Sci-Fi",8084,2022-01-12,James Gunn
tt13152024,7,2022-04-28,"Peacemaker: Best Friends, For Never",https://www.imdb.com/title/tt13152024/,tvEpisode,8.0,40,2022,"Action, Adventure, Comedy, Crime, Fantasy, Sci-Fi",7062,2022-01-13,James Gunn
tt13152026,9,2022-04-28,Peacemaker: Better Goff Dead,https://www.imdb.com/title/tt13152026/,tvEpisode,8.5,39,2022,"Action, Adventure, Comedy, Crime, Fantasy, Sci-Fi",7069,2022-01-13,James Gunn
tt13152032,8,2022-05-04,Peacemaker: The Choad Less Traveled,https://www.imdb.com/title/tt13152032/,tvEpisode,8.3,46,2022,"Action, Adventure, Comedy, Crime, Fantasy, Sci-Fi",6535,2022-01-20,Jody Hill
tt13152038,9,2022-05-04,Peacemaker: Monkey Dory,https://www.imdb.com/title/tt13152038/,tvEpisode,8.5,42,2022,"Action, Adventure, Comedy, Crime, Fantasy, Sci-Fi",6138,2022-01-27,Rosemary Rodriguez
tt13152042,9,2022-05-03,Peacemaker: Murn After Reading,https://www.imdb.com/title/tt13152042/,tvEpisode,8.7,46,2022,"Action, Adventure, Comedy, Crime, Fantasy, Sci-Fi",6323,2022-02-03,James Gunn
tt13152056,8,2022-05-03,Peacemaker: Stop Dragon My Heart Around,https://www.imdb.com/title/tt13152056/,tvEpisode,8.8,39,2022,"Action, Adventure, Comedy, Crime, Fantasy, Sci-Fi",6167,2022-02-10,Brad Anderson
tt13152062,10,2022-05-03,Peacemaker: It's Cow or Never,https://www.imdb.com/title/tt13152062/,tvEpisode,9.1,45,2022,"Action, Adventure, Comedy, Crime, Fantasy, Sci-Fi",7071,2022-02-17,James Gunn
tt1320253,6,2023-01-29,The Expendables,https://www.imdb.com/title/tt1320253/,movie,6.4,103,2010,"Action, Adventure, Thriller",351583,2010-08-03,Sylvester Stallone
tt0133093,10,2021-08-22,The Matrix,https://www.imdb.com/title/tt0133093/,movie,8.7,136,1999,"Action, Sci-Fi",1944686,1999-03-24,"Lilly Wachowski, Lana Wachowski"
tt13314558,7,2022-10-09,Day Shift,https://www.imdb.com/title/tt13314558/,movie,6.1,113,2022,"Action, Comedy, Fantasy, Horror, Thriller",81578,2022-08-12,J.J. Perry
tt13327038,8,2022-10-09,Do Revenge,https://www.imdb.com/title/tt13327038/,movie,6.3,118,2022,Comedy,42556,2022-09-16,Jennifer Kaytin Robinson
tt13406136,8,2022-12-25,The Princess,https://www.imdb.com/title/tt13406136/,movie,5.6,94,2022,"Action, Drama, Fantasy, Thriller",14123,2022-06-01,Le-Van Kiet
tt13443470,3,2023-03-22,Wednesday,https://www.imdb.com/title/tt13443470/,tvSeries,8.1,45,2022,"Comedy, Crime, Fantasy, Mystery",306718,2022-10-31,
tt1355642,9,2021-06-27,Hagane no renkinjutsushi,https://www.imdb.com/title/tt1355642/,tvSeries,9.1,24,2009,"Animation, Action, Adventure, Comedy, Drama, Fantasy, Sci-Fi",176184,2009-04-05,
tt13574156,9,2021-07-24,The Flash: The Speed of Thought,https://www.imdb.com/title/tt13574156/,tvEpisode,8.2,42,2021,"Action, Adventure, Drama, Sci-Fi",2292,2021-03-09,Alexandra La Roche
tt13574164,3,2021-07-24,The Flash: Mother,https://www.imdb.com/title/tt13574164/,tvEpisode,5.4,42,2021,"Action, Adventure, Drama, Sci-Fi",2195,2021-03-16,David McWhirter
tt13574170,1,2021-07-24,The Flash: Central City Strong,https://www.imdb.com/title/tt13574170/,tvEpisode,6.3,42,2021,"Action, Adventure, Drama, Sci-Fi",1788,2021-03-23,Jeffrey W. Byrd
tt13574178,1,2021-07-24,The Flash: Fear Me,https://www.imdb.com/title/tt13574178/,tvEpisode,7.1,42,2021,"Action, Adventure, Drama, Sci-Fi",1682,2021-03-30,David McWhirter
tt13609680,8,2022-06-09,The Boys: The Only Man in the Sky,https://www.imdb.com/title/tt13609680/,tvEpisode,8.6,60,2022,"Action, Comedy, Crime, Drama, Sci-Fi",12026,2022-06-03,Philip Sgriccia
tt13622982,6,2022-08-28,Star Wars: Visions,https://www.imdb.com/title/tt13622982/,tvSeries,7.0,,2021,"Animation, Action, Adventure, Drama, Fantasy, Sci-Fi",19812,2021-09-22,
tt13623136,5,2023-02-28,The Guardians of the Galaxy Holiday Special,https://www.imdb.com/title/tt13623136/,tvSpecial,6.9,41,2022,"Action, Adventure, Comedy, Sci-Fi",71775,2022-11-25,James Gunn
tt13640696,6,2022-09-25,See How They Run,https://www.imdb.com/title/tt13640696/,movie,6.5,98,2022,"Comedy, Crime, Mystery",53104,2022-09-08,Tom George
tt13653876,9,2022-07-18,Star Wars: Visions: The Duel,https://www.imdb.com/title/tt13653876/,tvEpisode,8.4,14,2021,"Animation, Action, Adventure, Drama, Fantasy, Sci-Fi",5989,2021-09-22,Takanobu Mizuno
tt13706018,9,2023-01-29,SPY×FAMILY,https://www.imdb.com/title/tt13706018/,tvSeries,8.5,24,2022,"Animation, Action, Comedy",28327,2022-04-09,
tt13707622,7,2022-06-09,The Boys: Barbary Coast,https://www.imdb.com/title/tt13707622/,tvEpisode,8.2,61,2022,"Action, Comedy, Crime, Drama, Sci-Fi",11120,2022-06-03,Julian Holmes
tt1375666,8,2022-04-30,Inception,https://www.imdb.com/title/tt1375666/,movie,8.8,148,2010,"Action, Adventure, Sci-Fi, Thriller",2395354,2010-07-08,Christopher Nolan
tt13778978,6,2021-06-11,WandaVision: The Series Finale,https://www.imdb.com/title/tt13778978/,tvEpisode,8.3,50,2021,"Action, Comedy, Drama, Fantasy, Romance, Sci-Fi",22226,2021-03-05,Matt Shakman
tt1386697,1,2021-08-06,Suicide Squad,https://www.imdb.com/title/tt1386697/,movie,5.9,123,2016,"Action, Adventure, Fantasy, Sci-Fi",696076,2016-08-01,David Ayer
tt1392170,6,2022-04-29,The Hunger Games,https://www.imdb.com/title/tt1392170/,movie,7.2,142,2012,"Action, Adventure, Sci-Fi, Thriller",939844,2012-03-12,Gary Ross
tt1392190,10,2022-03-26,Mad Max: Fury Road,https://www.imdb.com/title/tt1392190/,movie,8.1,120,2015,"Action, Adventure, Sci-Fi, Thriller",1022552,2015-05-07,George Miller
tt13977196,6,2021-12-16,"The Flash: Armageddon, Part 1",https://www.imdb.com/title/tt13977196/,tvEpisode,7.2,42,2021,"Action, Adventure, Drama, Sci-Fi",1651,2021-11-16,Eric Dean Seaton
tt13977218,7,2022-04-14,Riverdale: Chapter Ninety-Six: Welcome to Rivervale,https://www.imdb.com/title/tt13977218/,tvEpisode,5.0,42,2021,"Crime, Drama, Mystery, Romance",941,2021-11-16,Gabriel Correa
tt13977604,5,2021-12-16,"The Flash: Armageddon, Part 2",https://www.imdb.com/title/tt13977604/,tvEpisode,7.7,42,2021,"Action, Adventure, Drama, Sci-Fi",1543,2021-11-23,Menhaj Huda
tt13977630,7,2022-04-14,Riverdale: Chapter Ninety-Seven: Ghost Stories,https://www.imdb.com/title/tt13977630/,tvEpisode,4.9,42,2021,"Crime, Drama, Mystery, Romance",755,2021-11-23,Gabriel Correa
tt1399103,2,2022-09-19,Transformers: Dark of the Moon,https://www.imdb.com/title/tt1399103/,movie,6.2,154,2011,"Action, Adventure, Sci-Fi",415915,2011-06-23,Michael Bay
tt14077386,9,2022-11-27,Wednesday: Wednesday's Child Is Full of Woe,https://www.imdb.com/title/tt14077386/,tvEpisode,7.9,57,2022,"Comedy, Crime, Fantasy, Mystery",9964,2022-10-31,Tim Burton
tt14077394,7,2022-11-27,Wednesday: Woe Is the Loneliest Number,https://www.imdb.com/title/tt14077394/,tvEpisode,7.8,47,2022,"Comedy, Crime, Fantasy, Mystery",8305,2022-11-23,Tim Burton
tt14077396,5,2022-11-27,Wednesday: Friend or Woe,https://www.imdb.com/title/tt14077396/,tvEpisode,7.9,45,2022,"Comedy, Crime, Fantasy, Mystery",7992,2022-11-23,Tim Burton
tt14077400,4,2022-11-27,Wednesday: Woe What a Night,https://www.imdb.com/title/tt14077400/,tvEpisode,8.3,48,2022,"Comedy, Crime, Fantasy, Mystery",7977,2022-11-23,Tim Burton
tt14077402,8,2022-11-27,Wednesday: You Reap What You Woe,https://www.imdb.com/title/tt14077402/,tvEpisode,7.8,50,2022,"Comedy, Crime, Fantasy, Mystery",7326,2022-11-23,Gandja Monteiro
tt1409024,6,2023-01-29,Men in Black 3,https://www.imdb.com/title/tt1409024/,movie,6.8,106,2012,"Action, Adventure, Comedy, Sci-Fi",370831,2012-05-14,Barry Sonnenfeld
tt1411697,1,2021-06-16,The Hangover Part II,https://www.imdb.com/title/tt1411697/,movie,6.5,102,2011,Comedy,510966,2011-05-19,Todd Phillips
tt14146694,1,2021-08-19,Riverdale: Chapter Eighty-Seven: Strange Bedfellows,https://www.imdb.com/title/tt14146694/,tvEpisode,6.0,42,2021,"Crime, Drama, Mystery, Romance",704,2021-08-11,Tessa Blake
tt14203072,4,2021-12-20,The Grand Tour: The Grand Tour Presents: Lochdown,https://www.imdb.com/title/tt14203072/,tvEpisode,7.8,,2021,"Comedy, Sport, Talk-Show",2424,2021-07-30,Phil Churchward
tt14257844,1,2021-07-24,"The Flash: Heart of the Matter, Part 2",https://www.imdb.com/title/tt14257844/,tvEpisode,7.0,42,2021,"Action, Adventure, Drama, Sci-Fi",1611,2021-07-20,Marcus Stokes
tt14270746,7,2021-07-24,The Flash: The One with the Nineties,https://www.imdb.com/title/tt14270746/,tvEpisode,6.5,42,2021,"Action, Adventure, Drama, Sci-Fi",1714,2021-04-06,Jeffrey W. Byrd
tt14270750,1,2021-07-24,The Flash: Growing Pains,https://www.imdb.com/title/tt14270750/,tvEpisode,6.8,42,2021,"Action, Adventure, Drama, Sci-Fi",1530,2021-04-13,Alexandra La Roche
tt14270760,3,2021-07-24,The Flash: The People V. Killer Frost,https://www.imdb.com/title/tt14270760/,tvEpisode,7.2,42,2021,"Action, Adventure, Drama, Sci-Fi",1651,2021-05-04,Sudz Sutherland
tt14270764,3,2021-07-24,The Flash: Timeless,https://www.imdb.com/title/tt14270764/,tvEpisode,5.8,42,2021,"Action, Adventure, Drama, Sci-Fi",1557,2021-05-11,Menhaj Huda
tt14270768,4,2021-07-24,"The Flash: Family Matters, Part 1",https://www.imdb.com/title/tt14270768/,tvEpisode,5.9,42,2021,"Action, Adventure, Drama, Sci-Fi",1479,2021-05-18,Philip Chipera
tt14270780,3,2021-07-24,"The Flash: Family Matters, Part 2",https://www.imdb.com/title/tt14270780/,tvEpisode,5.7,42,2021,"Action, Adventure, Drama, Sci-Fi",1571,2021-05-25,Chad Lowe
tt14270786,5,2021-07-24,The Flash: Good-Bye Vibrations,https://www.imdb.com/title/tt14270786/,tvEpisode,7.0,42,2021,"Action, Adventure, Drama, Sci-Fi",1481,2021-06-08,Philip Chipera
tt14270788,2,2021-07-24,The Flash: Masquerade,https://www.imdb.com/title/tt14270788/,tvEpisode,6.1,42,2021,"Action, Adventure, Drama, Sci-Fi",1350,2021-06-15,Rachel Talalay
tt14270790,6,2021-07-24,The Flash: Rayo de Luz,https://www.imdb.com/title/tt14270790/,tvEpisode,4.8,42,2021,"Action, Adventure, Drama, Sci-Fi",1618,2021-06-22,Danielle Panabaker
tt14270794,5,2021-07-24,The Flash: Enemy at the Gates,https://www.imdb.com/title/tt14270794/,tvEpisode,7.1,42,2021,"Action, Adventure, Drama, Sci-Fi",1369,2021-06-29,Geoffrey Wing Shotz
tt14270798,3,2021-07-24,The Flash: P.O.W.,https://www.imdb.com/title/tt14270798/,tvEpisode,7.2,42,2021,"Action, Adventure, Drama, Sci-Fi",1314,2021-07-06,Marcus Stokes
tt14270804,1,2021-07-24,"The Flash: Heart of the Matter, Part 1",https://www.imdb.com/title/tt14270804/,tvEpisode,7.3,42,2021,"Action, Adventure, Drama, Sci-Fi",1395,2021-07-13,Eric Dean Seaton
tt14271400,7,2022-03-22,Naomi: Don't Believe Everything You Think,https://www.imdb.com/title/tt14271400/,tvEpisode,5.8,,2022,"Action, Adventure, Drama, Sci-Fi",495,2022-01-11,Amanda Marsalis
tt14272186,8,2022-03-21,Doom Patrol: Dead Patrol,https://www.imdb.com/title/tt14272186/,tvEpisode,8.3,,2021,"Action, Adventure, Comedy, Drama, Mystery, Sci-Fi",1143,2021-09-23,Chris Manley
tt14272190,8,2022-03-21,Doom Patrol: Vacay Patrol,https://www.imdb.com/title/tt14272190/,tvEpisode,8.2,,2021,"Action, Adventure, Comedy, Drama, Mystery, Sci-Fi",1082,2021-09-23,Chris Manley
tt1431045,7,2022-04-29,Deadpool,https://www.imdb.com/title/tt1431045/,movie,8.0,108,2016,"Action, Comedy",1059095,2016-01-21,Tim Miller
tt1440129,3,2022-09-19,Battleship,https://www.imdb.com/title/tt1440129/,movie,5.8,131,2012,"Action, Adventure, Sci-Fi, Thriller",251328,2012-04-03,Peter Berg
tt14536106,8,2021-08-06,"Love, Death & Robots: Ice",https://www.imdb.com/title/tt14536106/,tvEpisode,6.1,13,2021,"Animation, Short, Action, Adventure, Comedy, Drama, Fantasy, Horror, Mystery, Sci-Fi, Thriller",10932,2021-05-14,"Robert Valley, Jennifer Yuh Nelson"
tt14536130,9,2022-04-28,"Love, Death & Robots: Automated Customer Service",https://www.imdb.com/title/tt14536130/,tvEpisode,6.5,12,2021,"Animation, Short, Action, Adventure, Comedy, Drama, Fantasy, Horror, Mystery, Sci-Fi, Thriller",11612,2021-05-14,"Meat Dept, Jennifer Yuh Nelson"
tt14536160,4,2021-08-06,"Love, Death & Robots: Snow in the Desert",https://www.imdb.com/title/tt14536160/,tvEpisode,7.8,18,2021,"Animation, Short, Action, Adventure, Comedy, Drama, Fantasy, Horror, Mystery, Sci-Fi, Thriller",11410,2021-05-14,"Jennifer Yuh Nelson, Maxime Luère, Dominique Boidin, Léon Bérelle, Rémi Kozyra"
tt14539550,6,2022-03-21,Doom Patrol: Undead Patrol,https://www.imdb.com/title/tt14539550/,tvEpisode,7.9,,2021,"Action, Adventure, Comedy, Drama, Mystery, Sci-Fi",969,2021-09-30,Kristin Windell
tt14539552,7,2022-03-21,Doom Patrol: Dada Patrol,https://www.imdb.com/title/tt14539552/,tvEpisode,7.2,,2021,"Action, Adventure, Comedy, Drama, Mystery, Sci-Fi",894,2021-10-07,Kristin Windell
tt14539554,6,2022-03-21,Doom Patrol: 1917 Patrol,https://www.imdb.com/title/tt14539554/,tvEpisode,7.2,,2021,"Action, Adventure, Comedy, Drama, Mystery, Sci-Fi",844,2021-10-14,Omar Madha
tt14539556,6,2022-03-21,Doom Patrol: Bird Patrol,https://www.imdb.com/title/tt14539556/,tvEpisode,7.3,,2021,"Action, Adventure, Comedy, Drama, Mystery, Sci-Fi",802,2021-10-21,Omar Madha
tt14539560,9,2022-03-21,Doom Patrol: Amends Patrol,https://www.imdb.com/title/tt14539560/,tvEpisode,7.8,,2021,"Action, Adventure, Comedy, Drama, Mystery, Sci-Fi",731,2021-11-11,Harry Jierjian
tt14539562,8,2022-03-21,Doom Patrol: Subconscious Patrol,https://www.imdb.com/title/tt14539562/,tvEpisode,8.0,,2021,"Action, Adventure, Comedy, Drama, Mystery, Sci-Fi",906,2021-10-28,Rebecca Rodriguez
tt14539564,7,2022-03-21,Doom Patrol: Evil Patrol,https://www.imdb.com/title/tt14539564/,tvEpisode,7.6,,2021,"Action, Adventure, Comedy, Drama, Mystery, Sci-Fi",762,2021-11-04,Rebecca Rodriguez
tt14544192,8,2023-02-28,Bo Burnham: Inside,https://www.imdb.com/title/tt14544192/,tvSpecial,8.6,87,2021,"Comedy, Drama, Music",50875,2021-05-30,Bo Burnham
tt1457767,9,2021-07-31,The Conjuring,https://www.imdb.com/title/tt1457767/,movie,7.5,112,2013,"Horror, Mystery, Thriller",520790,2013-06-08,James Wan
tt14586040,7,2022-05-22,Arcane: League of Legends: Welcome to the Playground,https://www.imdb.com/title/tt14586040/,tvEpisode,8.5,43,2021,"Animation, Action, Adventure, Drama, Fantasy, Sci-Fi",14655,2021-11-06,"Pascal Charrue, Arnaud Delord"
tt14668686,10,2022-11-02,The Owl House: Thanks to Them,https://www.imdb.com/title/tt14668686/,tvEpisode,9.4,47,2022,"Animation, Action, Adventure, Comedy, Drama, Family, Fantasy, Horror, Mystery",1071,2022-10-15,"Amelia Lorenz, Bosook Coburn"
tt14677076,5,2021-12-16,"The Flash: Armageddon, Part 3",https://www.imdb.com/title/tt14677076/,tvEpisode,7.6,42,2021,"Action, Adventure, Drama, Sci-Fi",1401,2021-11-30,Chris Peppe
tt14677082,5,2021-12-16,"The Flash: Armageddon, Part 4",https://www.imdb.com/title/tt14677082/,tvEpisode,7.8,42,2021,"Action, Adventure, Drama, Sci-Fi",1479,2021-12-07,Chad Lowe
tt14677086,8,2021-12-16,"The Flash: Armageddon, Part 5",https://www.imdb.com/title/tt14677086/,tvEpisode,7.0,42,2021,"Action, Adventure, Drama, Sci-Fi",1301,2021-12-14,Menhaj Huda
tt1469304,5,2021-05-31,Baywatch,https://www.imdb.com/title/tt1469304/,movie,5.5,116,2017,"Action, Comedy, Crime",192059,2017-05-12,Seth Gordon
tt14725776,9,2021-09-05,Generation: Absolute Zero,https://www.imdb.com/title/tt14725776/,tvEpisode,7.7,,2021,"Comedy, Drama",223,2021-06-17,Andrew Ahn
tt14725780,7,2021-09-05,Generation: The High Priestess,https://www.imdb.com/title/tt14725780/,tvEpisode,6.9,,2021,"Comedy, Drama",212,2021-06-24,Andrew Ahn
tt14725786,9,2021-09-05,Generation: There's Something About Hamburger Mary's,https://www.imdb.com/title/tt14725786/,tvEpisode,7.9,,2021,"Comedy, Drama",216,2021-06-24,Anu Valia
tt14725788,9,2021-09-05,Generation: CLICK WHIRR,https://www.imdb.com/title/tt14725788/,tvEpisode,7.9,,2021,"Comedy, Drama",207,2021-07-01,Anu Valia
tt14725792,10,2021-09-05,Generation: L'Amour,https://www.imdb.com/title/tt14725792/,tvEpisode,8.1,,2021,"Comedy, Drama",191,2021-07-01,Daniel Barnz
tt14725794,10,2021-09-06,Generation: V-Day,https://www.imdb.com/title/tt14725794/,tvEpisode,8.5,39,2021,"Comedy, Drama",214,2021-07-08,Daniel Barnz
tt1477834,9,2022-03-21,Aquaman,https://www.imdb.com/title/tt1477834/,movie,6.8,143,2018,"Action, Adventure, Fantasy, Sci-Fi",486888,2018-11-26,James Wan
tt14787320,3,2021-09-05,Riverdale: Chapter Eighty-Nine: Reservoir Dogs,https://www.imdb.com/title/tt14787320/,tvEpisode,6.2,42,2021,"Crime, Drama, Mystery, Romance",611,2021-08-25,Gabriel Correa
tt14850292,8,2021-08-19,Riverdale: Chapter Eighty-Eight: Citizen Lodge,https://www.imdb.com/title/tt14850292/,tvEpisode,7.9,42,2021,"Crime, Drama, Mystery, Romance",871,2021-08-18,James DeWille
tt1486217,8,2023-02-28,Archer,https://www.imdb.com/title/tt1486217/,tvSeries,8.6,22,2009,"Animation, Action, Comedy",158312,2009-09-17,
tt14872296,8,2022-11-20,Inside Job: How Reagan Got Her Grove Back,https://www.imdb.com/title/tt14872296/,tvEpisode,7.4,,2022,"Animation, Comedy, Fantasy, Sci-Fi",598,2022-11-18,"David Ochs, Vitaliy Strokous"
tt14872298,6,2022-11-20,Inside Job: Reagan & Mychelle's Hive School Reunion,https://www.imdb.com/title/tt14872298/,tvEpisode,7.1,,2022,"Animation, Comedy, Fantasy, Sci-Fi",495,2022-11-18,"Vitaliy Strokous, Mollie Helms"
tt14872300,8,2022-11-20,Inside Job: Whoas-Feratu,https://www.imdb.com/title/tt14872300/,tvEpisode,7.6,,2022,"Animation, Comedy, Fantasy, Sci-Fi",539,2022-11-18,"Vitaliy Strokous, Mike Bertino"
tt14872302,9,2022-11-20,Inside Job: We Found Love in a Popeless Place,https://www.imdb.com/title/tt14872302/,tvEpisode,7.6,,2022,"Animation, Comedy, Fantasy, Sci-Fi",493,2022-11-18,"David Ochs, Vitaliy Strokous"
tt14872304,7,2022-11-20,Inside Job: Brettwork,https://www.imdb.com/title/tt14872304/,tvEpisode,7.7,,2022,"Animation, Comedy, Fantasy, Sci-Fi",481,2022-11-18,"Hannah Cho, Vitaly Podolyak"
tt14889190,5,2021-07-10,Rick and Morty: Mortyplicity,https://www.imdb.com/title/tt14889190/,tvEpisode,8.7,22,2021,"Animation, Adventure, Comedy, Sci-Fi",11995,2021-06-27,"Lucas Gray, Wesley Archer"
tt14889192,8,2021-07-06,Rick and Morty: A Rickconvenient Mort,https://www.imdb.com/title/tt14889192/,tvEpisode,7.8,22,2021,"Animation, Adventure, Comedy, Sci-Fi",11231,2021-07-04,"Juan Jose Meza-Leon, Wesley Archer"
tt14898020,4,2021-07-24,Rick and Morty: Rickdependence Spray,https://www.imdb.com/title/tt14898020/,tvEpisode,5.7,22,2021,"Animation, Adventure, Comedy, Sci-Fi",12965,2021-07-11,"Erica Hayes, Wesley Archer"
tt1489889,6,2022-04-29,Central Intelligence,https://www.imdb.com/title/tt1489889/,movie,6.3,107,2016,"Action, Comedy, Crime",198215,2016-06-10,Rawson Marshall Thurber
tt15000920,4,2021-07-23,Rick and Morty: Amortycan Grickfitti,https://www.imdb.com/title/tt15000920/,tvEpisode,7.0,22,2021,"Animation, Adventure, Comedy, Sci-Fi",8988,2021-07-18,"Wesley Archer, Kyoung Hee Lim"
tt15041140,6,2021-08-03,Rick and Morty: Rick & Morty's Thanksploitation Spectacular,https://www.imdb.com/title/tt15041140/,tvEpisode,7.1,23,2021,"Animation, Adventure, Comedy, Sci-Fi",8872,2021-07-25,"Douglas Einar Olsen, Wesley Archer"
tt15041146,10,2021-08-09,Rick and Morty: Rickternal Friendshine of the Spotless Mort,https://www.imdb.com/title/tt15041146/,tvEpisode,8.2,22,2021,"Animation, Adventure, Comedy, Sci-Fi",8703,2021-08-08,"Erica Hayes, Wesley Archer"
tt15041318,5,2021-08-03,Rick and Morty: Gotron Jerrysis Rickvangelion,https://www.imdb.com/title/tt15041318/,tvEpisode,6.4,23,2021,"Animation, Adventure, Comedy, Sci-Fi",8657,2021-08-01,"Wesley Archer, Jacob Hair"
tt15041328,8,2022-12-19,Rick and Morty: Forgetting Sarick Mortshall,https://www.imdb.com/title/tt15041328/,tvEpisode,8.3,21,2021,"Animation, Adventure, Comedy, Sci-Fi",7493,2021-09-05,"Wesley Archer, Kyoung Hee Lim"
tt15041334,8,2022-12-19,Rick and Morty: Rickmurai Jack,https://www.imdb.com/title/tt15041334/,tvEpisode,9.3,22,2021,"Animation, Adventure, Comedy, Sci-Fi",11901,2021-09-05,"Wesley Archer, Jacob Hair"
tt15054962,9,2022-11-27,Heartbreak High,https://www.imdb.com/title/tt15054962/,tvSeries,7.7,50,2022,"Drama, Romance",7928,2022-09-14,
tt15139794,7,2021-09-05,Riverdale: Chapter Ninety: The Night Gallery,https://www.imdb.com/title/tt15139794/,tvEpisode,6.5,42,2021,"Crime, Drama, Mystery, Romance",625,2021-09-01,Mädchen Amick
tt15223376,3,2021-09-18,Riverdale: Chapter Ninety-One: The Return of the Pussycats,https://www.imdb.com/title/tt15223376/,tvEpisode,4.3,44,2021,"Crime, Drama, Mystery, Romance",923,2021-09-08,Robin Givens
tt15318872,8,2022-12-25,Werewolf by Night,https://www.imdb.com/title/tt15318872/,tvSpecial,7.2,52,2022,"Action, Adventure, Drama, Fantasy, Horror, Mystery, Thriller",60195,2022-09-25,Michael Giacchino
tt15332182,7,2022-03-22,Naomi: Unidentified Flying Object,https://www.imdb.com/title/tt15332182/,tvEpisode,6.1,,2022,"Action, Adventure, Drama, Sci-Fi",317,2022-01-18,DeMane Davis
tt15387948,8,2022-04-28,What If...?: What If... Ultron Won?,https://www.imdb.com/title/tt15387948/,tvEpisode,9.0,28,2021,"Animation, Action, Adventure, Sci-Fi",14310,2021-09-29,Bryan Andrews
tt15389382,5,2022-12-19,Rick and Morty: Bethic Twinstinct,https://www.imdb.com/title/tt15389382/,tvEpisode,7.8,22,2022,"Animation, Adventure, Comedy, Sci-Fi",6409,2022-09-18,"Douglas Einar Olsen, Wesley Archer"
tt15496376,9,2022-05-22,Arcane: League of Legends: The Base Violence Necessary for Change,https://www.imdb.com/title/tt15496376/,tvEpisode,9.6,44,2021,"Animation, Action, Adventure, Drama, Fantasy, Sci-Fi",18706,2021-11-06,"Pascal Charrue, Arnaud Delord"
tt15496380,8,2022-05-22,Arcane: League of Legends: Some Mysteries Are Better Left Unsolved,https://www.imdb.com/title/tt15496380/,tvEpisode,8.5,41,2021,"Animation, Action, Adventure, Drama, Fantasy, Sci-Fi",13235,2021-11-06,"Pascal Charrue, Arnaud Delord"
tt15496390,9,2022-05-22,Arcane: League of Legends: Happy Progress Day!,https://www.imdb.com/title/tt15496390/,tvEpisode,8.7,40,2021,"Animation, Action, Adventure, Drama, Fantasy, Sci-Fi",11964,2021-11-13,"Pascal Charrue, Arnaud Delord"
tt15496392,9,2022-05-22,Arcane: League of Legends: Everybody Wants to Be My Enemy,https://www.imdb.com/title/tt15496392/,tvEpisode,8.9,40,2021,"Animation, Action, Adventure, Drama, Fantasy, Sci-Fi",11832,2021-11-13,"Pascal Charrue, Arnaud Delord"
tt15496430,9,2022-05-22,Arcane: League of Legends: When These Walls Come Tumbling Down,https://www.imdb.com/title/tt15496430/,tvEpisode,9.2,42,2021,"Animation, Action, Adventure, Drama, Fantasy, Sci-Fi",12476,2021-11-13,"Pascal Charrue, Arnaud Delord"
tt15496436,10,2022-05-22,Arcane: League of Legends: The Boy Savior,https://www.imdb.com/title/tt15496436/,tvEpisode,9.2,40,2021,"Animation, Action, Adventure, Drama, Fantasy, Sci-Fi",11901,2021-11-20,"Pascal Charrue, Arnaud Delord"
tt15519898,4,2022-03-22,Naomi: Zero to Sixty,https://www.imdb.com/title/tt15519898/,tvEpisode,6.3,,2022,"Action, Adventure, Drama, Sci-Fi",265,2022-01-25,Sheldon Candis
tt15572586,5,2022-04-14,Riverdale: Chapter Ninety-Nine: The Witching Hour(s),https://www.imdb.com/title/tt15572586/,tvEpisode,5.6,42,2021,"Crime, Drama, Mystery, Romance",755,2021-12-07,James DeWille
tt15747050,7,2022-04-14,Riverdale: Chapter Ninety-Eight: Mr. Cypher,https://www.imdb.com/title/tt15747050/,tvEpisode,5.0,42,2021,"Crime, Drama, Mystery, Romance",660,2021-11-30,Jeff Woolnough
tt15747054,8,2022-04-14,Riverdale: Chapter One Hundred: The Jughead Paradox,https://www.imdb.com/title/tt15747054/,tvEpisode,7.4,42,2021,"Crime, Drama, Mystery, Romance",782,2021-12-14,Gabriel Correa
tt1583421,4,2022-12-25,G.I. Joe: Retaliation,https://www.imdb.com/title/tt1583421/,movie,5.7,110,2013,"Action, Adventure, Sci-Fi, Thriller",183784,2013-03-11,Jon M. Chu
tt1591786,10,2023-03-29,Doctor Who: Vincent and the Doctor,https://www.imdb.com/title/tt1591786/,tvEpisode,9.3,47,2010,"Adventure, Drama, Sci-Fi",11541,2010-06-05,Jonny Campbell
tt1596343,5,2022-04-29,Fast Five,https://www.imdb.com/title/tt1596343/,movie,7.3,130,2011,"Action, Crime, Thriller",388183,2011-04-15,Justin Lin
tt16246416,1,2021-12-20,The Grand Tour: The Grand Tour Presents: Carnage A Trois,https://www.imdb.com/title/tt16246416/,tvEpisode,7.9,68,2021,"Comedy, Sport, Talk-Show",2338,2021-12-17,
tt1630029,8,2023-01-19,Avatar: The Way of Water,https://www.imdb.com/title/tt1630029/,movie,7.7,192,2022,"Action, Adventure, Fantasy, Sci-Fi",349677,2022-12-06,James Cameron
tt1632701,3,2022-12-19,Suits,https://www.imdb.com/title/tt1632701/,tvSeries,8.5,44,2011,"Comedy, Drama",421482,2011-06-23,
tt1638355,8,2022-04-14,The Man from U.N.C.L.E.,https://www.imdb.com/title/tt1638355/,movie,7.2,116,2015,"Action, Adventure, Comedy",317702,2015-08-02,Guy Ritchie
tt16428536,4,2022-04-14,Riverdale: Chapter One Hundred and One: Unbelievable,https://www.imdb.com/title/tt16428536/,tvEpisode,5.9,42,2022,"Crime, Drama, Mystery, Romance",527,2022-03-20,James DeWille
tt1649418,6,2022-09-19,The Gray Man,https://www.imdb.com/title/tt1649418/,movie,6.5,122,2022,"Action, Thriller",212848,2022-07-13,"Anthony Russo, Joe Russo"
tt1663662,8,2022-04-28,Pacific Rim,https://www.imdb.com/title/tt1663662/,movie,6.9,131,2013,"Action, Adventure, Sci-Fi",510574,2013-07-01,Guillermo del Toro
tt1670345,5,2021-06-16,Now You See Me,https://www.imdb.com/title/tt1670345/,movie,7.2,115,2013,"Crime, Mystery, Thriller",674174,2013-05-21,Louis Leterrier
tt1677720,4,2022-04-29,Ready Player One,https://www.imdb.com/title/tt1677720/,movie,7.4,140,2018,"Action, Adventure, Sci-Fi",449224,2018-03-11,Steven Spielberg
tt16867040,9,2023-01-31,Cunk on Earth,https://www.imdb.com/title/tt16867040/,tvSeries,8.1,29,2022,Comedy,14937,2022-09-19,
tt1695360,3,2023-01-31,The Legend of Korra,https://www.imdb.com/title/tt1695360/,tvSeries,8.4,23,2012,"Animation, Action, Adventure, Comedy, Drama, Family, Fantasy, Sci-Fi",125895,2012-04-14,
tt1700841,1,2023-02-28,Sausage Party,https://www.imdb.com/title/tt1700841/,movie,6.1,89,2016,"Animation, Adventure, Comedy, Fantasy",199741,2016-03-14,"Conrad Vernon, Greg Tiernan"
tt1745960,9,2022-08-28,Top Gun: Maverick,https://www.imdb.com/title/tt1745960/,movie,8.3,130,2022,"Action, Drama",566517,2022-05-18,Joseph Kosinski
tt1751634,10,2022-08-18,The Sandman,https://www.imdb.com/title/tt1751634/,tvSeries,7.7,45,2022,"Drama, Fantasy, Horror, Mystery, Sci-Fi",154837,2022-08-05,
tt1773185,10,2022-11-29,Mahô shôjo Madoka magika: Puella Magi Madoka Magica,https://www.imdb.com/title/tt1773185/,tvMiniSeries,8.2,24,2011,"Animation, Drama, Fantasy, Horror, Mystery, Thriller",10283,2011-01-07,
tt1781781,7,2022-12-27,Born to Race,https://www.imdb.com/title/tt1781781/,video,5.9,99,2011,"Action, Sport",6539,2011-10-06,Alex Ranarivelo
tt1790809,4,2023-01-29,Pirates of the Caribbean: Dead Men Tell No Tales,https://www.imdb.com/title/tt1790809/,movie,6.5,129,2017,"Action, Adventure, Fantasy",321502,2017-05-11,"Espen Sandberg, Joachim Rønning"
tt1790864,3,2023-01-29,The Maze Runner,https://www.imdb.com/title/tt1790864/,movie,6.8,113,2014,"Action, Mystery, Sci-Fi, Thriller",480079,2014-09-11,Wes Ball
tt1840309,2,2022-04-29,Divergent,https://www.imdb.com/title/tt1840309/,movie,6.6,139,2014,"Action, Adventure, Mystery, Sci-Fi",469288,2014-03-18,Neil Burger
tt18558682,2,2022-04-14,Riverdale: Chapter One Hundred and Two: Death at a Funeral,https://www.imdb.com/title/tt18558682/,tvEpisode,6.0,42,2022,"Crime, Drama, Mystery, Romance",457,2022-03-27,Tara Dafoe
tt1865718,9,2022-08-28,Gravity Falls,https://www.imdb.com/title/tt1865718/,tvSeries,8.9,23,2012,"Animation, Adventure, Comedy, Family, Fantasy",116226,2012-06-14,
tt1869454,9,2023-01-16,Good Omens,https://www.imdb.com/title/tt1869454/,tvSeries,8.0,328,2019,"Comedy, Fantasy",81558,2019-05-27,
tt0187078,7,2023-01-02,Gone in Sixty Seconds,https://www.imdb.com/title/tt0187078/,movie,6.5,118,2000,"Action, Crime, Thriller",284254,2000-06-05,Dominic Sena
tt1877830,9,2022-03-20,The Batman,https://www.imdb.com/title/tt1877830/,movie,7.8,176,2022,"Action, Crime, Drama, Thriller",690110,2022-03-01,Matt Reeves
tt1877832,8,2022-04-29,X-Men: Days of Future Past,https://www.imdb.com/title/tt1877832/,movie,7.9,132,2014,"Action, Adventure, Sci-Fi, Thriller",721944,2014-05-10,Bryan Singer
tt18884448,3,2022-04-14,Riverdale: Chapter One Hundred and Three: The Town,https://www.imdb.com/title/tt18884448/,tvEpisode,6.0,42,2022,"Crime, Drama, Mystery, Romance",440,2022-04-03,Rob Seidenglanz
tt18967140,8,2023-02-20,The Flash: Wednesday Ever After,https://www.imdb.com/title/tt18967140/,tvEpisode,7.0,,2023,"Action, Adventure, Drama, Sci-Fi",1066,2023-02-08,Vanessa Parise
tt18967158,3,2023-03-30,Riverdale: Chapter One Hundred Eighteen: Don't Worry Darling,https://www.imdb.com/title/tt18967158/,tvEpisode,7.0,43,2023,"Crime, Drama, Mystery, Romance",240,2023-03-29,Ronald Paul Richard
tt1898069,9,2023-02-11,American Gods,https://www.imdb.com/title/tt1898069/,tvSeries,7.6,60,2017,"Drama, Fantasy, Mystery",88763,2017-03-01,
tt19048504,2,2022-05-01,Riverdale: Chapter One Hundred and Four: The Serpent Queen's Gambit,https://www.imdb.com/title/tt19048504/,tvEpisode,6.3,42,2022,"Crime, Drama, Mystery, Romance",434,2022-04-10,Antonio Negret
tt1905041,7,2022-04-29,Furious 6,https://www.imdb.com/title/tt1905041/,movie,7.0,130,2013,"Action, Adventure, Crime, Thriller",400726,2013-05-07,Justin Lin
tt19296606,1,2022-05-01,Riverdale: Chapter One Hundred and Five: Folk Heroes,https://www.imdb.com/title/tt19296606/,tvEpisode,6.0,42,2022,"Crime, Drama, Mystery, Romance",404,2022-04-17,Gabriel Correa
tt19409314,3,2022-05-01,Riverdale: Chapter One Hundred and Six: Angels in America,https://www.imdb.com/title/tt19409314/,tvEpisode,6.3,42,2022,"Crime, Drama, Mystery, Romance",458,2022-04-24,Claudia Yarmy
tt1951261,2,2021-06-16,The Hangover Part III,https://www.imdb.com/title/tt1951261/,movie,5.8,100,2013,"Comedy, Crime",321645,2013-05-20,Todd Phillips
tt1951264,4,2022-04-29,The Hunger Games: Catching Fire,https://www.imdb.com/title/tt1951264/,movie,7.5,146,2013,"Action, Adventure, Sci-Fi, Thriller",679120,2013-11-11,Francis Lawrence
tt1972591,8,2023-01-29,King Arthur: Legend of the Sword,https://www.imdb.com/title/tt1972591/,movie,6.7,126,2017,"Action, Adventure, Drama, Fantasy",222389,2017-04-27,Guy Ritchie
tt2015381,8,2022-12-25,Guardians of the Galaxy,https://www.imdb.com/title/tt2015381/,movie,8.0,121,2014,"Action, Adventure, Comedy, Sci-Fi",1198995,2014-07-21,James Gunn
tt2076822,7,2023-01-22,Chaos Walking,https://www.imdb.com/title/tt2076822/,movie,5.7,109,2021,"Action, Adventure, Fantasy, Sci-Fi, Western",51645,2021-02-24,Doug Liman
tt2109248,1,2022-09-19,Transformers: Age of Extinction,https://www.imdb.com/title/tt2109248/,movie,5.6,165,2014,"Action, Adventure, Sci-Fi",319347,2014-06-19,Michael Bay
tt21443394,4,2023-02-20,The Flash: Hear No Evil,https://www.imdb.com/title/tt21443394/,tvEpisode,5.8,,2023,"Action, Adventure, Drama, Sci-Fi",844,2023-02-15,Eric Wallace
tt21443396,2,2023-02-28,The Flash: Rogues of War,https://www.imdb.com/title/tt21443396/,tvEpisode,6.2,,2023,"Action, Adventure, Drama, Sci-Fi",808,2023-02-22,Brenton Spencer
tt21443398,4,2023-03-14,"The Flash: The Mask of the Red Death, Part 1",https://www.imdb.com/title/tt21443398/,tvEpisode,6.1,,2023,"Action, Adventure, Drama, Sci-Fi",744,2023-03-01,Menhaj Huda
tt21443400,3,2023-03-14,"The Flash: The Mask of the Red Death, Part 2",https://www.imdb.com/title/tt21443400/,tvEpisode,5.9,,2023,"Action, Adventure, Drama, Sci-Fi",693,2023-03-08,Rachel Talalay
tt21443402,2,2023-03-29,"The Flash: The Good, the Bad and the Lucky",https://www.imdb.com/title/tt21443402/,tvEpisode,3.7,,2023,"Action, Adventure, Drama, Sci-Fi",893,2023-03-15,Chad Lowe
tt21443406,5,2023-04-02,The Flash: Wildest Dreams,https://www.imdb.com/title/tt21443406/,tvEpisode,4.8,,2023,"Action, Adventure, Drama, Sci-Fi",689,2023-03-29,Jesse Warn
tt21443408,5,2023-04-10,The Flash: Partners in Time,https://www.imdb.com/title/tt21443408/,tvEpisode,6.0,,2023,"Action, Adventure, Drama, Sci-Fi",423,2023-04-05,Ed Fraiman
tt2150017,7,2021-09-18,The Legend of Korra: Welcome to Republic City,https://www.imdb.com/title/tt2150017/,tvEpisode,8.2,24,2012,"Animation, Action, Adventure, Comedy, Drama, Family, Fantasy, Sci-Fi",3046,2012-04-14,"Ki Hyun Ryu, Joaquim Dos Santos"
tt21599628,5,2022-12-19,Rick and Morty: Final DeSmithation,https://www.imdb.com/title/tt21599628/,tvEpisode,8.2,23,2022,"Animation, Adventure, Comedy, Sci-Fi",5426,2022-10-02,"Douglas Einar Olsen, Wesley Archer"
tt21599634,5,2022-12-19,Rick and Morty: Juricksic Mort,https://www.imdb.com/title/tt21599634/,tvEpisode,8.0,22,2022,"Animation, Adventure, Comedy, Sci-Fi",4906,2022-10-09,"Wesley Archer, Kyoung Hee Lim"
tt21599638,8,2022-12-19,Rick and Morty: Full Meta Jackrick,https://www.imdb.com/title/tt21599638/,tvEpisode,8.0,21,2022,"Animation, Adventure, Comedy, Sci-Fi",4589,2022-11-20,"Lucas Gray, Wesley Archer"
tt21599640,9,2022-12-19,Rick and Morty: Night Family,https://www.imdb.com/title/tt21599640/,tvEpisode,8.5,22,2022,"Animation, Adventure, Comedy, Sci-Fi",6258,2022-09-25,"Wesley Archer, Jacob Hair"
tt21599642,7,2022-12-19,Rick and Morty: Analyze Piss,https://www.imdb.com/title/tt21599642/,tvEpisode,8.4,22,2022,"Animation, Adventure, Comedy, Sci-Fi",4075,2022-11-27,"Fill Marc Sagadraca, Wesley Archer"
tt21599650,9,2022-12-19,Rick and Morty: Solaricks,https://www.imdb.com/title/tt21599650/,tvEpisode,8.6,22,2022,"Animation, Adventure, Comedy, Sci-Fi",7748,2022-09-04,"Wesley Archer, Jacob Hair"
tt21599652,5,2022-12-19,Rick and Morty: A Rick in King Mortur's Mort,https://www.imdb.com/title/tt21599652/,tvEpisode,7.5,22,2022,"Animation, Adventure, Comedy, Sci-Fi",3456,2022-12-04,"Wesley Archer, Jacob Hair"
tt21599658,8,2022-12-19,Rick and Morty: Ricktional Mortpoon's Rickmas Mortcation,https://www.imdb.com/title/tt21599658/,tvEpisode,8.1,23,2022,"Animation, Adventure, Comedy, Sci-Fi",3217,2022-12-11,"Wesley Archer, Kyoung Hee Lim"
tt21601996,7,2022-12-19,Rick and Morty: Rick: A Mort Well Lived,https://www.imdb.com/title/tt21601996/,tvEpisode,7.9,22,2022,"Animation, Adventure, Comedy, Sci-Fi",6156,2022-09-11,"Wesley Archer, Kyoung Hee Lim"
tt2169080,9,2022-04-28,Rick and Morty: Pilot,https://www.imdb.com/title/tt2169080/,tvEpisode,7.9,22,2013,"Animation, Adventure, Comedy, Sci-Fi",15646,2013-12-02,Justin Roiland
tt21849434,7,2022-09-19,The Grand Tour: The Grand Tour: A Scandi Flick,https://www.imdb.com/title/tt21849434/,tvEpisode,8.8,99,2022,"Comedy, Sport, Talk-Show",3226,2022-09-16,Phil Churchward
tt2193021,6,2022-04-29,Arrow,https://www.imdb.com/title/tt2193021/,tvSeries,7.5,42,2012,"Action, Adventure, Crime, Drama, Mystery, Sci-Fi",436275,2012-10-10,
tt22054426,9,2023-01-31,Cunk on Earth: In the Beginnings,https://www.imdb.com/title/tt22054426/,tvEpisode,8.1,,2022,Comedy,831,2022-09-19,Christian Watt
tt22054428,8,2023-01-31,Cunk on Earth: Faith/Off,https://www.imdb.com/title/tt22054428/,tvEpisode,8.0,28,2022,Comedy,648,2022-09-19,Christian Watt
tt22054432,8,2023-01-31,Cunk on Earth: The Renaissance Will Not Be Televised,https://www.imdb.com/title/tt22054432/,tvEpisode,7.9,29,2022,Comedy,536,2022-09-19,Christian Watt
tt22054440,9,2023-01-31,Cunk on Earth: Rise of the Machines,https://www.imdb.com/title/tt22054440/,tvEpisode,8.1,29,2022,Comedy,493,2022-09-19,Christian Watt
tt2231461,8,2023-01-04,Rampage,https://www.imdb.com/title/tt2231461/,movie,6.1,107,2018,"Action, Adventure, Sci-Fi",173733,2018-04-09,Brad Peyton
tt2245084,9,2021-06-16,Big Hero 6,https://www.imdb.com/title/tt2245084/,movie,7.8,102,2014,"Animation, Action, Adventure, Comedy, Family, Sci-Fi",472651,2014-10-23,"Chris Williams, Don Hall"
tt2267968,9,2023-03-03,Kung Fu Panda 3,https://www.imdb.com/title/tt2267968/,movie,7.1,95,2016,"Animation, Action, Adventure, Comedy, Family, Fantasy",167510,2016-01-16,"Alessandro Carloni, Jennifer Yuh Nelson"
tt2283336,7,2023-01-29,Men in Black: International,https://www.imdb.com/title/tt2283336/,movie,5.6,114,2019,"Action, Adventure, Comedy, Sci-Fi",138484,2019-06-11,F. Gary Gray
tt2283362,7,2021-06-16,Jumanji: Welcome to the Jungle,https://www.imdb.com/title/tt2283362/,movie,6.9,119,2017,"Action, Adventure, Comedy, Fantasy",393134,2017-12-05,Jake Kasdan
tt2315621,6,2021-09-18,The Legend of Korra: A Leaf in the Wind,https://www.imdb.com/title/tt2315621/,tvEpisode,8.1,25,2012,"Animation, Action, Adventure, Comedy, Drama, Family, Fantasy, Sci-Fi",2714,2012-04-14,"Ki Hyun Ryu, Joaquim Dos Santos"
tt0232500,9,2021-10-02,The Fast and the Furious,https://www.imdb.com/title/tt0232500/,movie,6.8,106,2001,"Action, Crime, Thriller",394061,2001-06-18,Rob Cohen
tt0234215,9,2021-09-05,The Matrix Reloaded,https://www.imdb.com/title/tt0234215/,movie,7.2,138,2003,"Action, Sci-Fi",605279,2003-05-07,"Lilly Wachowski, Lana Wachowski"
tt2357547,7,2021-06-16,Jessica Jones,https://www.imdb.com/title/tt2357547/,tvSeries,7.9,56,2015,"Action, Crime, Drama, Sci-Fi, Thriller",218405,2015-10-10,
tt2361509,8,2023-04-11,The Intern,https://www.imdb.com/title/tt2361509/,movie,7.1,121,2015,"Comedy, Drama",258547,2015-09-15,Nancy Meyers
tt2379713,4,2021-06-11,Spectre,https://www.imdb.com/title/tt2379713/,movie,6.8,148,2015,"Action, Adventure, Thriller",448776,2015-10-26,Sam Mendes
tt2381249,5,2022-10-09,Mission: Impossible - Rogue Nation,https://www.imdb.com/title/tt2381249/,movie,7.4,131,2015,"Action, Adventure, Thriller",381587,2015-07-23,Christopher McQuarrie
tt2382320,7,2022-10-09,No Time to Die,https://www.imdb.com/title/tt2382320/,movie,7.3,163,2021,"Action, Adventure, Thriller",414612,2021-09-28,Cary Joji Fukunaga
tt2388409,5,2021-09-18,The Legend of Korra: The Revelation,https://www.imdb.com/title/tt2388409/,tvEpisode,8.2,24,2012,"Animation, Action, Adventure, Comedy, Drama, Family, Fantasy, Sci-Fi",2483,2012-04-21,"Ki Hyun Ryu, Joaquim Dos Santos"
tt0241527,6,2022-05-21,Harry Potter and the Sorcerer's Stone,https://www.imdb.com/title/tt0241527/,movie,7.6,152,2001,"Adventure, Family, Fantasy",803349,2001-11-04,Chris Columbus
tt0242653,8,2021-09-05,The Matrix Revolutions,https://www.imdb.com/title/tt0242653/,movie,6.7,129,2003,"Action, Sci-Fi",522632,2003-10-16,"Lilly Wachowski, Lana Wachowski"
tt2467372,7,2022-12-19,Brooklyn Nine-Nine,https://www.imdb.com/title/tt2467372/,tvSeries,8.4,22,2013,"Comedy, Crime",328886,2013-09-17,
tt2488496,7,2022-04-29,Star Wars: Episode VII - The Force Awakens,https://www.imdb.com/title/tt2488496/,movie,7.8,138,2015,"Action, Adventure, Sci-Fi",942861,2015-12-14,J.J. Abrams
tt0250494,5,2022-05-23,Legally Blonde,https://www.imdb.com/title/tt0250494/,movie,6.4,96,2001,"Comedy, Romance",227088,2001-06-26,Robert Luketic
tt2527336,9,2022-04-29,Star Wars: Episode VIII - The Last Jedi,https://www.imdb.com/title/tt2527336/,movie,6.9,152,2017,"Action, Adventure, Fantasy, Sci-Fi",643595,2017-12-09,Rian Johnson
tt2527338,2,2022-04-29,Star Wars: Episode IX - The Rise of Skywalker,https://www.imdb.com/title/tt2527338/,movie,6.5,141,2019,"Action, Adventure, Fantasy, Sci-Fi",463166,2019-12-16,J.J. Abrams
tt2531336,6,2021-06-16,Lupin,https://www.imdb.com/title/tt2531336/,tvSeries,7.5,45,2021,"Action, Crime, Drama, Mystery",115862,2021-01-08,
tt2557478,2,2022-04-29,Pacific Rim: Uprising,https://www.imdb.com/title/tt2557478/,movie,5.6,111,2018,"Action, Adventure, Fantasy, Horror, Sci-Fi, Thriller",120511,2018-03-21,Steven S. DeKnight
tt2568862,5,2023-01-29,Going in Style,https://www.imdb.com/title/tt2568862/,movie,6.6,96,2017,"Comedy, Crime",87859,2017-04-01,Zach Braff
tt2584384,9,2022-03-20,Jojo Rabbit,https://www.imdb.com/title/tt2584384/,movie,7.9,108,2019,"Comedy, Drama, War",405500,2019-09-08,Taika Waititi
tt2758770,5,2023-03-22,Star vs. the Forces of Evil,https://www.imdb.com/title/tt2758770/,tvSeries,7.9,22,2015,"Animation, Action, Adventure, Comedy, Drama, Family, Fantasy, Sci-Fi",16361,2015-01-18,
tt2771200,3,2023-02-12,Beauty and the Beast,https://www.imdb.com/title/tt2771200/,movie,7.1,129,2017,"Adventure, Family, Fantasy, Musical, Romance",316904,2017-02-23,Bill Condon
tt2802144,8,2023-01-29,Kingsman: The Secret Service,https://www.imdb.com/title/tt2802144/,movie,7.7,129,2014,"Action, Adventure, Comedy, Thriller",681270,2014-12-13,Matthew Vaughn
tt2820852,10,2022-04-27,Fast & Furious 7,https://www.imdb.com/title/tt2820852/,movie,7.1,137,2015,"Action, Crime, Thriller",396781,2015-03-16,James Wan
tt2861424,8,2021-06-30,Rick and Morty,https://www.imdb.com/title/tt2861424/,tvSeries,9.1,23,2013,"Animation, Adventure, Comedy, Sci-Fi",545788,2013-12-02,
tt2872732,6,2023-04-11,Lucy,https://www.imdb.com/title/tt2872732/,movie,6.4,89,2014,"Action, Sci-Fi, Thriller",507954,2014-07-25,Luc Besson
tt0290334,7,2022-04-29,X2,https://www.imdb.com/title/tt0290334/,movie,7.4,134,2003,"Action, Sci-Fi, Thriller",558493,2003-04-24,Bryan Singer
tt0295297,5,2022-05-21,Harry Potter and the Chamber of Secrets,https://www.imdb.com/title/tt0295297/,movie,7.4,161,2002,"Adventure, Family, Fantasy, Mystery",651994,2002-11-03,Chris Columbus
tt2953050,6,2022-02-12,Encanto,https://www.imdb.com/title/tt2953050/,movie,7.2,102,2021,"Animation, Comedy, Family, Fantasy, Musical",233195,2021-11-03,"Jared Bush, Byron Howard, Charise Castro Smith"
tt0295701,8,2022-10-19,xXx,https://www.imdb.com/title/tt0295701/,movie,5.8,124,2002,"Action, Adventure, Thriller",182364,2002-08-09,Rob Cohen
tt2975590,3,2022-04-14,Batman v Superman: Dawn of Justice,https://www.imdb.com/title/tt2975590/,movie,6.4,151,2016,"Action, Adventure, Sci-Fi",709142,2016-03-12,Zack Snyder
tt0304141,8,2022-05-21,Harry Potter and the Prisoner of Azkaban,https://www.imdb.com/title/tt0304141/,movie,7.9,142,2004,"Adventure, Family, Fantasy, Mystery",651012,2004-05-23,Alfonso Cuarón
tt3107288,5,2022-03-21,The Flash,https://www.imdb.com/title/tt3107288/,tvSeries,7.5,43,2014,"Action, Adventure, Drama, Sci-Fi",353793,2014-10-07,
tt3110958,2,2021-06-16,Now You See Me 2,https://www.imdb.com/title/tt3110958/,movie,6.4,129,2016,"Action, Adventure, Comedy, Crime, Mystery, Thriller",300402,2016-06-02,Jon M. Chu
tt3183660,7,2022-04-29,Fantastic Beasts and Where to Find Them,https://www.imdb.com/title/tt3183660/,movie,7.2,132,2016,"Adventure, Family, Fantasy",485663,2016-11-08,David Yates
tt3216414,7,2022-01-14,Gotham: Pilot,https://www.imdb.com/title/tt3216414/,tvEpisode,7.9,50,2014,"Action, Crime, Drama, Mystery, Sci-Fi, Thriller",10185,2014-07-26,Danny Cannon
tt0322259,8,2022-04-29,2 Fast 2 Furious,https://www.imdb.com/title/tt0322259/,movie,5.9,107,2003,"Action, Crime, Thriller",280182,2003-06-03,John Singleton
tt3228774,8,2021-07-29,Cruella,https://www.imdb.com/title/tt3228774/,movie,7.3,134,2021,"Adventure, Comedy, Crime, Drama",242066,2021-05-18,Craig Gillespie
tt0329774,9,2022-10-21,xXx: State of the Union,https://www.imdb.com/title/tt0329774/,movie,4.4,101,2005,"Action, Adventure, Crime, Sci-Fi, Thriller",71840,2005-04-27,Lee Tamahori
tt3315342,9,2022-04-29,Logan,https://www.imdb.com/title/tt3315342/,movie,8.1,137,2017,"Action, Drama, Sci-Fi, Thriller",780880,2017-02-17,James Mangold
tt3322310,2,2022-04-29,Iron Fist,https://www.imdb.com/title/tt3322310/,tvSeries,6.4,55,2017,"Action, Adventure, Crime, Fantasy, Sci-Fi",134169,2017-03-15,
tt3322312,8,2021-06-16,Daredevil,https://www.imdb.com/title/tt3322312/,tvSeries,8.6,54,2015,"Action, Crime, Drama, Fantasy, Sci-Fi, Thriller",450298,2015-04-02,
tt3322314,7,2022-04-29,Luke Cage,https://www.imdb.com/title/tt3322314/,tvSeries,7.3,55,2016,"Action, Crime, Drama, Sci-Fi, Thriller",134209,2016-09-28,
tt3333824,7,2021-07-06,Rick and Morty: Lawnmower Dog,https://www.imdb.com/title/tt3333824/,tvEpisode,8.7,22,2013,"Animation, Adventure, Comedy, Sci-Fi",15602,2013-12-09,"Pete Michels, John Rice"
tt3333828,8,2022-04-28,Rick and Morty: Anatomy Park,https://www.imdb.com/title/tt3333828/,tvEpisode,8.3,22,2013,"Animation, Adventure, Comedy, Sci-Fi",14238,2013-12-16,"Pete Michels, John Rice"
tt3333830,10,2021-07-06,Rick and Morty: M. Night Shaym-Aliens!,https://www.imdb.com/title/tt3333830/,tvEpisode,8.7,22,2014,"Animation, Adventure, Comedy, Sci-Fi",14325,2014-01-13,"Pete Michels, Jeff Myers"
tt3371366,1,2022-04-22,Transformers: The Last Knight,https://www.imdb.com/title/tt3371366/,movie,5.2,154,2017,"Action, Adventure, Sci-Fi",156631,2017-06-18,Michael Bay
tt3385516,1,2022-04-29,X-Men: Apocalypse,https://www.imdb.com/title/tt3385516/,movie,6.9,144,2016,"Action, Adventure, Sci-Fi",443414,2016-05-09,Bryan Singer
tt3393786,3,2022-10-09,Jack Reacher: Never Go Back,https://www.imdb.com/title/tt3393786/,movie,6.1,118,2016,"Action, Crime, Drama, Thriller",163912,2016-10-12,Edward Zwick
tt3440298,7,2022-02-12,Descendants,https://www.imdb.com/title/tt3440298/,tvMovie,6.3,112,2015,"Comedy, Family, Fantasy, Musical",22036,2015-07-31,Kenny Ortega
tt3480822,4,2022-12-25,Black Widow,https://www.imdb.com/title/tt3480822/,movie,6.7,134,2021,"Action, Adventure, Sci-Fi",392076,2021-06-30,Cate Shortland
tt3501632,10,2021-12-18,Thor: Ragnarok,https://www.imdb.com/title/tt3501632/,movie,7.9,130,2017,"Action, Adventure, Comedy, Fantasy, Sci-Fi",769257,2017-10-10,Taika Waititi
tt3532216,9,2022-10-09,American Made,https://www.imdb.com/title/tt3532216/,movie,7.1,115,2017,"Action, Comedy, Crime, Drama",191724,2017-08-23,Doug Liman
tt0360486,8,2022-10-09,Constantine,https://www.imdb.com/title/tt0360486/,movie,7.0,121,2005,"Action, Fantasy, Horror, Mystery",355564,2005-02-07,Francis Lawrence
tt0367594,4,2022-04-06,Charlie and the Chocolate Factory,https://www.imdb.com/title/tt0367594/,movie,6.7,115,2005,"Adventure, Comedy, Family, Fantasy, Musical",493610,2005-07-10,Tim Burton
tt0368891,9,2023-03-26,National Treasure,https://www.imdb.com/title/tt0368891/,movie,6.9,131,2004,"Action, Adventure, Mystery, Thriller",341081,2004-11-08,Jon Turteltaub
tt3731562,8,2022-04-29,Kong: Skull Island,https://www.imdb.com/title/tt3731562/,movie,6.6,118,2017,"Action, Adventure, Fantasy, Sci-Fi",327439,2017-01-02,Jordan Vogt-Roberts
tt3749900,6,2022-04-14,Gotham,https://www.imdb.com/title/tt3749900/,tvSeries,7.8,42,2014,"Action, Crime, Drama, Mystery, Sci-Fi, Thriller",233922,2014-07-26,
tt0376994,2,2022-04-29,X-Men: The Last Stand,https://www.imdb.com/title/tt0376994/,movie,6.6,104,2006,"Action, Adventure, Sci-Fi",524632,2006-05-22,Brett Ratner
tt3794354,7,2022-04-14,Sonic the Hedgehog,https://www.imdb.com/title/tt3794354/,movie,6.5,99,2020,"Action, Adventure, Comedy, Family, Fantasy, Sci-Fi",145083,2020-01-25,Jeff Fowler
tt0382625,2,2023-03-26,The Da Vinci Code,https://www.imdb.com/title/tt0382625/,movie,6.6,149,2006,"Mystery, Thriller",441589,2006-05-17,Ron Howard
tt0385426,9,2023-01-29,Initial D: First Stage,https://www.imdb.com/title/tt0385426/,tvSeries,8.4,25,1998,"Animation, Action, Comedy, Drama, Sport",3503,1998-04-18,
tt3890160,10,2021-06-16,Baby Driver,https://www.imdb.com/title/tt3890160/,movie,7.6,113,2017,"Action, Crime, Drama, Music",560082,2017-03-11,Edgar Wright
tt3896198,9,2021-12-18,Guardians of the Galaxy Vol. 2,https://www.imdb.com/title/tt3896198/,movie,7.6,136,2017,"Action, Adventure, Comedy, Sci-Fi",698019,2017-04-10,James Gunn
tt3915174,10,2023-02-01,Puss in Boots: The Last Wish,https://www.imdb.com/title/tt3915174/,movie,7.9,102,2022,"Animation, Adventure, Comedy, Family, Fantasy, Mystery, Romance",115023,2022-12-07,"Januel Mercado, Joel Crawford"
tt0393162,9,2023-04-11,Coach Carter,https://www.imdb.com/title/tt0393162/,movie,7.3,136,2005,"Biography, Drama, Sport",157689,2005-01-13,Thomas Carter
tt3993356,7,2022-01-14,Gotham: The Balloonman,https://www.imdb.com/title/tt3993356/,tvEpisode,7.7,44,2014,"Action, Crime, Drama, Mystery, Sci-Fi, Thriller",5177,2014-10-06,Dermott Downs
tt4016454,6,2022-04-29,Supergirl,https://www.imdb.com/title/tt4016454/,tvSeries,6.2,43,2015,"Action, Adventure, Drama, Sci-Fi",126072,2015-07-11,
tt4017996,8,2022-01-14,Gotham: Selina Kyle,https://www.imdb.com/title/tt4017996/,tvEpisode,7.9,44,2014,"Action, Crime, Drama, Mystery, Sci-Fi, Thriller",5872,2014-09-29,Danny Cannon
tt4047038,9,2022-02-16,Dirk Gently's Holistic Detective Agency,https://www.imdb.com/title/tt4047038/,tvSeries,8.2,60,2016,"Action, Adventure, Comedy, Fantasy, Mystery, Sci-Fi",53539,2016-10-18,
tt4052886,5,2021-07-07,Lucifer,https://www.imdb.com/title/tt4052886/,tvSeries,8.1,42,2016,"Crime, Drama, Fantasy",333553,2016-01-25,
tt4116284,9,2022-04-14,The Lego Batman Movie,https://www.imdb.com/title/tt4116284/,movie,7.3,104,2017,"Animation, Action, Adventure, Comedy, Family, Fantasy, Sci-Fi",157510,2017-02-01,Chris McKay
tt4123430,2,2022-06-02,Fantastic Beasts: The Crimes of Grindelwald,https://www.imdb.com/title/tt4123430/,movie,6.5,134,2018,"Adventure, Family, Fantasy",291583,2018-11-08,David Yates
tt4123432,1,2022-06-02,Fantastic Beasts: The Secrets of Dumbledore,https://www.imdb.com/title/tt4123432/,movie,6.2,142,2022,"Adventure, Family, Fantasy",150373,2022-04-06,David Yates
tt4145054,3,2022-04-29,Shadowhunters: The Mortal Instruments,https://www.imdb.com/title/tt4145054/,tvSeries,6.5,42,2016,"Action, Drama, Fantasy, Romance",66084,2016-01-12,
tt4158110,6,2021-06-16,Mr. Robot,https://www.imdb.com/title/tt4158110/,tvSeries,8.5,49,2015,"Crime, Drama, Thriller",396114,2015-03-17,
tt0417299,10,2021-09-18,Avatar: The Last Airbender,https://www.imdb.com/title/tt0417299/,tvSeries,9.3,23,2005,"Animation, Action, Adventure, Family, Fantasy, Mystery",327491,2005-02-21,
tt0418279,2,2022-10-09,Transformers,https://www.imdb.com/title/tt0418279/,movie,7.0,144,2007,"Action, Adventure, Sci-Fi",648126,2007-06-12,Michael Bay
tt4230076,3,2022-04-29,The Defenders,https://www.imdb.com/title/tt4230076/,tvMiniSeries,7.2,50,2017,"Action, Adventure, Crime, Fantasy, Sci-Fi",110924,2017-07-22,
tt0433035,6,2023-01-29,Real Steel,https://www.imdb.com/title/tt0433035/,movie,7.0,127,2011,"Action, Drama, Sci-Fi, Sport",337977,2011-09-06,Shawn Levy
tt4463894,6,2022-04-14,Shaft,https://www.imdb.com/title/tt4463894/,movie,6.4,111,2019,"Action, Comedy, Crime, Mystery",55626,2019-06-14,Tim Story
tt0448115,5,2023-01-29,Shazam!,https://www.imdb.com/title/tt0448115/,movie,7.0,132,2019,"Action, Adventure, Comedy, Fantasy",357255,2019-03-25,David F. Sandberg
tt0452608,6,2023-01-29,Death Race,https://www.imdb.com/title/tt0452608/,movie,6.4,105,2008,"Action, Sci-Fi, Thriller",212693,2008-08-21,Paul W.S. Anderson
tt4532368,3,2022-04-29,Legends of Tomorrow,https://www.imdb.com/title/tt4532368/,tvSeries,6.8,42,2016,"Action, Adventure, Drama, Sci-Fi",106837,2016-01-21,
tt4566758,3,2022-11-08,Mulan,https://www.imdb.com/title/tt4566758/,movie,5.7,115,2020,"Action, Adventure, Drama, Fantasy",151606,2020-03-09,Niki Caro
tt4630562,8,2022-04-29,The Fate of the Furious,https://www.imdb.com/title/tt4630562/,movie,6.6,136,2017,"Action, Crime, Thriller",238075,2017-04-04,F. Gary Gray
tt4633694,10,2021-06-16,Spider-Man: Into the Spider-Verse,https://www.imdb.com/title/tt4633694/,movie,8.4,117,2018,"Animation, Action, Adventure, Comedy, Family, Fantasy, Sci-Fi",552840,2018-12-06,"Rodney Rothman, Peter Ramsey, Bob Persichetti"
tt0463985,7,2022-04-29,The Fast and the Furious: Tokyo Drift,https://www.imdb.com/title/tt0463985/,movie,6.0,104,2006,"Action, Crime, Thriller",279254,2006-06-04,Justin Lin
tt4649466,7,2023-01-29,Kingsman: The Golden Circle,https://www.imdb.com/title/tt4649466/,movie,6.7,141,2017,"Action, Adventure, Comedy, Crime, Thriller",340001,2017-09-20,Matthew Vaughn
tt0465234,7,2023-03-26,National Treasure: Book of Secrets,https://www.imdb.com/title/tt0465234/,movie,6.5,124,2007,"Action, Adventure, Mystery, Thriller",243966,2007-12-13,Jon Turteltaub
tt4682266,7,2022-04-29,The New Mutants,https://www.imdb.com/title/tt4682266/,movie,5.3,94,2020,"Action, Horror, Mystery, Sci-Fi",83147,2020-08-26,Josh Boone
tt0468569,8,2022-03-21,The Dark Knight,https://www.imdb.com/title/tt0468569/,movie,9.0,152,2008,"Action, Crime, Drama, Thriller",2698905,2008-07-14,Christopher Nolan
tt0478970,4,2023-01-29,Ant-Man,https://www.imdb.com/title/tt0478970/,movie,7.3,117,2015,"Action, Comedy, Sci-Fi",686990,2015-06-29,Peyton Reed
tt0479884,7,2023-02-20,Crank,https://www.imdb.com/title/tt0479884/,movie,6.9,88,2006,"Action, Crime, Thriller",254557,2006-08-31,"Brian Taylor, Mark Neveldine"
tt0489099,3,2023-01-16,Jumper,https://www.imdb.com/title/tt0489099/,movie,6.1,88,2008,"Action, Adventure, Sci-Fi, Thriller",312316,2008-02-06,Doug Liman
tt4912910,5,2022-10-09,Mission: Impossible - Fallout,https://www.imdb.com/title/tt4912910/,movie,7.7,147,2018,"Action, Adventure, Thriller",342020,2018-07-12,Christopher McQuarrie
tt0493464,5,2022-04-28,Wanted,https://www.imdb.com/title/tt0493464/,movie,6.7,110,2008,"Action, Crime, Thriller",396018,2008-06-12,Timur Bekmambetov
tt4972582,6,2023-01-29,Split,https://www.imdb.com/title/tt4972582/,movie,7.3,117,2016,"Horror, Thriller",513452,2016-09-26,M. Night Shyamalan
tt0499556,6,2022-12-26,War,https://www.imdb.com/title/tt0499556/,movie,6.2,103,2007,"Action, Crime, Thriller",93707,2007-08-24,Philip G. Atwell
tt5017734,8,2023-02-01,American Gods: The Bone Orchard,https://www.imdb.com/title/tt5017734/,tvEpisode,8.0,65,2017,"Drama, Fantasy, Mystery",5045,2017-03-01,David Slade
tt5052448,9,2023-01-29,Get Out,https://www.imdb.com/title/tt5052448/,movie,7.7,104,2017,"Horror, Mystery, Thriller",633402,2017-01-23,Jordan Peele
tt5095030,1,2022-04-29,Ant-Man and the Wasp,https://www.imdb.com/title/tt5095030/,movie,7.0,118,2018,"Action, Adventure, Comedy, Sci-Fi",419561,2018-06-25,Peyton Reed
tt5109280,8,2021-07-14,Raya and the Last Dragon,https://www.imdb.com/title/tt5109280/,movie,7.3,107,2021,"Animation, Action, Adventure, Comedy, Drama, Family, Fantasy",157803,2021-03-03,"Paul Briggs, Don Hall, Carlos López Estrada, John Ripa"
tt5117876,6,2022-02-16,Descendants 2,https://www.imdb.com/title/tt5117876/,tvMovie,6.3,111,2017,"Action, Adventure, Family, Fantasy, Romance",12385,2017-07-21,Kenny Ortega
tt5118450,3,2023-04-02,Lab Rats: Elite Force,https://www.imdb.com/title/tt5118450/,tvSeries,6.3,30,2016,"Adventure, Comedy, Drama, Family, Sci-Fi",1608,2016-03-02,
tt5164214,9,2023-04-11,Ocean's Eight,https://www.imdb.com/title/tt5164214/,movie,6.3,110,2018,"Action, Comedy, Crime",227038,2018-06-05,Gary Ross
tt5308322,8,2023-01-17,Happy Death Day,https://www.imdb.com/title/tt5308322/,movie,6.6,96,2017,"Comedy, Horror, Mystery, Thriller",149602,2017-10-07,Christopher Landon
tt5433138,3,2022-04-29,F9,https://www.imdb.com/title/tt5433138/,movie,5.2,143,2021,"Action, Crime, Thriller",139665,2021-05-19,Justin Lin
tt5463162,7,2022-04-29,Deadpool 2,https://www.imdb.com/title/tt5463162/,movie,7.7,119,2018,"Action, Adventure, Comedy, Sci-Fi",598972,2018-05-01,David Leitch
tt5519340,3,2022-04-29,Bright,https://www.imdb.com/title/tt5519340/,movie,6.3,117,2017,"Action, Fantasy, Thriller",193816,2017-12-13,David Ayer
tt5687612,8,2023-03-09,Fleabag,https://www.imdb.com/title/tt5687612/,tvSeries,8.7,27,2016,"Comedy, Drama",169804,2016-07-21,
tt5789204,7,2022-04-14,The Good Place: Pilot,https://www.imdb.com/title/tt5789204/,tvEpisode,7.9,22,2016,"Comedy, Drama, Fantasy, Mystery, Romance",4139,2016-09-19,Drew Goddard
tt5789208,6,2022-04-13,The Good Place: Flying,https://www.imdb.com/title/tt5789208/,tvEpisode,7.4,21,2016,"Comedy, Drama, Fantasy, Mystery, Romance",3609,2016-09-19,Michael McDonald
tt5789214,8,2022-04-14,The Good Place: Tahani Al-Jamil,https://www.imdb.com/title/tt5789214/,tvEpisode,7.8,22,2016,"Comedy, Drama, Fantasy, Mystery, Romance",3438,2016-09-22,Beth McCarthy-Miller
tt5789216,6,2022-04-14,The Good Place: Jason Mendoza,https://www.imdb.com/title/tt5789216/,tvEpisode,7.7,21,2016,"Comedy, Drama, Fantasy, Mystery, Romance",3280,2016-09-29,Payman Benz
tt5874596,7,2021-06-16,World of Winx,https://www.imdb.com/title/tt5874596/,tvSeries,6.7,30,2016,"Animation, Action, Comedy, Family, Fantasy, Mystery",769,2016-11-04,
tt6046238,10,2022-04-14,Molang,https://www.imdb.com/title/tt6046238/,tvSeries,8.3,,2015,"Animation, Short, Comedy, Family",434,2015-12-31,
tt6128300,5,2022-04-29,Dynasty,https://www.imdb.com/title/tt6128300/,tvSeries,7.3,42,2017,Drama,23543,2017-10-11,
tt6139732,7,2022-11-08,Aladdin,https://www.imdb.com/title/tt6139732/,movie,6.9,128,2019,"Adventure, Comedy, Family, Fantasy, Musical, Romance",273215,2019-05-08,Guy Ritchie
tt6264654,5,2022-12-25,Free Guy,https://www.imdb.com/title/tt6264654/,movie,7.1,115,2021,"Action, Adventure, Comedy, Fantasy, Sci-Fi",384839,2021-08-10,Shawn Levy
tt6320628,9,2021-12-20,Spider-Man: Far from Home,https://www.imdb.com/title/tt6320628/,movie,7.4,129,2019,"Action, Adventure, Comedy, Sci-Fi",509559,2019-06-26,Jon Watts
tt6334354,9,2022-04-27,The Suicide Squad,https://www.imdb.com/title/tt6334354/,movie,7.2,132,2021,"Action, Adventure, Comedy, Sci-Fi",366173,2021-07-28,James Gunn
tt6443346,1,2022-12-19,Black Adam,https://www.imdb.com/title/tt6443346/,movie,6.3,125,2022,"Action, Adventure, Fantasy, Sci-Fi",239003,2022-10-19,Jaume Collet-Serra
tt6565702,5,2022-04-29,Dark Phoenix,https://www.imdb.com/title/tt6565702/,movie,5.7,113,2019,"Action, Adventure, Sci-Fi",192858,2019-06-04,Simon Kinberg
tt6710474,10,2022-04-30,Everything Everywhere All at Once,https://www.imdb.com/title/tt6710474/,movie,7.9,139,2022,"Action, Adventure, Comedy, Fantasy, Sci-Fi",422873,2022-03-11,"Daniel Kwan, Daniel Scheinert"
tt6733136,10,2023-03-09,Fleabag: Episode #2.1,https://www.imdb.com/title/tt6733136/,tvEpisode,9.2,26,2019,"Comedy, Drama",5620,2019-03-04,Harry Bradbeer
tt6733140,8,2023-03-09,Fleabag: Episode #2.6,https://www.imdb.com/title/tt6733140/,tvEpisode,9.3,26,2019,"Comedy, Drama",5371,2019-04-08,Harry Bradbeer
tt6741278,9,2023-02-28,Invincible,https://www.imdb.com/title/tt6741278/,tvSeries,8.7,50,2021,"Animation, Action, Adventure, Drama, Fantasy, Sci-Fi, Thriller",149474,2021-03-25,
tt6806448,7,2022-04-29,Fast & Furious Presents: Hobbs & Shaw,https://www.imdb.com/title/tt6806448/,movie,6.5,137,2019,"Action, Adventure, Thriller",219407,2019-07-13,David Leitch
tt6823368,2,2022-04-29,Glass,https://www.imdb.com/title/tt6823368/,movie,6.6,129,2019,"Drama, Horror, Sci-Fi, Thriller",251388,2019-01-07,M. Night Shyamalan
tt6856242,2,2022-05-05,The King's Man,https://www.imdb.com/title/tt6856242/,movie,6.3,131,2021,"Action, Adventure, Thriller",155256,2021-12-06,Matthew Vaughn
tt6857112,7,2022-04-28,Us,https://www.imdb.com/title/tt6857112/,movie,6.8,116,2019,"Horror, Mystery, Thriller",311574,2019-03-08,Jordan Peele
tt7049682,4,2023-02-12,Watchmen,https://www.imdb.com/title/tt7049682/,tvMiniSeries,8.2,527,2019,"Crime, Drama, Mystery, Sci-Fi",124945,2019-10-20,
tt7091742,8,2023-01-16,Good Omens: In the Beginning,https://www.imdb.com/title/tt7091742/,tvEpisode,8.0,51,2019,"Comedy, Fantasy",3873,2019-05-27,Douglas Mackinnon
tt7097896,6,2022-12-25,Venom: Let There Be Carnage,https://www.imdb.com/title/tt7097896/,movie,5.9,97,2021,"Action, Sci-Fi, Thriller",233984,2021-09-14,Andy Serkis
tt7126948,1,2022-04-29,Wonder Woman 1984,https://www.imdb.com/title/tt7126948/,movie,5.4,151,2020,"Action, Adventure, Fantasy",276205,2020-12-16,Patty Jenkins
tt7131308,10,2022-04-28,Guardians of the Galaxy: Inferno,https://www.imdb.com/title/tt7131308/,musicVideo,8.0,4,2017,"Short, Comedy, Music",1980,2017-08-08,David Yarovesky
tt7216636,10,2023-02-12,Hazbin Hotel,https://www.imdb.com/title/tt7216636/,tvSeries,7.7,32,2019,"Animation, Comedy, Crime, Drama, Fantasy, Horror, Musical",5075,2019-10-28,
tt0072856,7,2023-01-29,Death Race 2000,https://www.imdb.com/title/tt0072856/,movie,6.2,80,1975,"Action, Comedy, Sci-Fi, Sport",29027,1975-04-30,Paul Bartel
tt0073629,1,2023-02-12,The Rocky Horror Picture Show,https://www.imdb.com/title/tt0073629/,movie,7.4,100,1975,"Comedy, Horror, Musical",156858,1975-08-14,Jim Sharman
tt7559144,10,2021-09-18,Deadly Class: Reagan Youth,https://www.imdb.com/title/tt7559144/,tvEpisode,7.8,53,2018,"Action, Adventure, Comedy, Crime, Drama, Thriller",1025,2018-12-20,Lee Toland Krieger
tt7638348,2,2023-01-22,Boss Level,https://www.imdb.com/title/tt7638348/,movie,6.8,100,2020,"Action, Adventure, Comedy, Mystery, Sci-Fi, Thriller",71573,2020-02-11,Joe Carnahan
tt7657566,4,2022-02-22,Death on the Nile,https://www.imdb.com/title/tt7657566/,movie,6.3,127,2022,"Crime, Drama, Mystery",158806,2022-02-09,Kenneth Branagh
tt7658402,10,2021-06-16,Harley Quinn,https://www.imdb.com/title/tt7658402/,tvSeries,8.5,23,2019,"Animation, Action, Adventure, Comedy, Crime, Fantasy, Mystery, Sci-Fi",32670,2019-11-29,
tt0770828,3,2022-03-22,Man of Steel,https://www.imdb.com/title/tt0770828/,movie,7.1,143,2013,"Action, Adventure, Sci-Fi",782528,2013-06-10,Zack Snyder
tt7713068,9,2021-06-16,Birds of Prey and the Fantabulous Emancipation of One Harley Quinn,https://www.imdb.com/title/tt7713068/,movie,6.0,109,2020,"Action, Comedy, Crime",246879,2020-01-25,Cathy Yan
tt7734514,10,2023-02-12,Hazbin Hotel: Pilot,https://www.imdb.com/title/tt7734514/,tvEpisode,8.1,32,2019,"Animation, Comedy, Crime, Drama, Fantasy, Horror, Musical",617,2019-10-28,Vivienne Medrano
tt7745956,9,2023-02-28,She-Ra and the Princesses of Power,https://www.imdb.com/title/tt7745956/,tvSeries,8.0,30,2018,"Animation, Action, Adventure, Comedy, Drama, Family, Fantasy, Romance, Sci-Fi",17197,2018-11-13,
tt0775583,10,2021-08-10,Avatar: The Last Airbender: The Tales of Ba Sing Se,https://www.imdb.com/title/tt0775583/,tvEpisode,9.2,25,2006,"Animation, Action, Adventure, Family, Fantasy, Mystery",5867,2006-09-29,Ethan Spaulding
tt0790724,4,2022-10-09,Jack Reacher,https://www.imdb.com/title/tt0790724/,movie,7.0,130,2012,"Action, Mystery, Thriller",348147,2012-12-10,Christopher McQuarrie
tt0790736,3,2022-10-09,R.I.P.D.,https://www.imdb.com/title/tt0790736/,movie,5.6,96,2013,"Action, Adventure, Comedy, Crime, Fantasy, Sci-Fi",138776,2013-07-17,Robert Schwentke
tt7975244,3,2022-04-14,Jumanji: The Next Level,https://www.imdb.com/title/tt7975244/,movie,6.7,123,2019,"Action, Adventure, Comedy, Fantasy",260290,2019-12-04,Jake Kasdan
tt7991608,3,2022-04-29,Red Notice,https://www.imdb.com/title/tt7991608/,movie,6.3,118,2021,"Action, Comedy, Thriller",287074,2021-11-04,Rawson Marshall Thurber
tt0800080,4,2021-08-16,The Incredible Hulk,https://www.imdb.com/title/tt0800080/,movie,6.6,112,2008,"Action, Adventure, Sci-Fi",502130,2008-06-06,Louis Leterrier
tt8022928,8,2022-02-16,Descendants 3,https://www.imdb.com/title/tt8022928/,tvMovie,6.4,106,2019,"Action, Adventure, Drama, Family, Musical, Thriller",9078,2019-08-02,Kenny Ortega
tt0803096,7,2021-07-12,Warcraft,https://www.imdb.com/title/tt0803096/,movie,6.7,123,2016,"Action, Adventure, Fantasy",269057,2016-05-24,Duncan Jones
tt8050756,10,2022-08-28,The Owl House,https://www.imdb.com/title/tt8050756/,tvSeries,8.4,22,2020,"Animation, Action, Adventure, Comedy, Drama, Family, Fantasy, Horror, Mystery",14462,2020-01-10,
tt8071704,8,2023-01-16,Good Omens: Saturday Morning Funtime,https://www.imdb.com/title/tt8071704/,tvEpisode,8.1,56,2019,"Comedy, Fantasy",2782,2019-05-31,Douglas Mackinnon
tt8097030,9,2023-01-29,Turning Red,https://www.imdb.com/title/tt8097030/,movie,7.0,100,2022,"Animation, Adventure, Comedy, Family, Fantasy",131814,2022-03-01,Domee Shi
tt8103070,5,2021-06-09,Legacies,https://www.imdb.com/title/tt8103070/,tvSeries,7.3,45,2018,"Adventure, Drama, Fantasy, Horror, Mystery",33704,2018-10-25,
tt8106534,7,2023-02-12,6 Underground,https://www.imdb.com/title/tt8106534/,movie,6.1,128,2019,"Action, Thriller",183471,2019-12-10,Michael Bay
tt8111088,8,2021-06-16,The Mandalorian,https://www.imdb.com/title/tt8111088/,tvSeries,8.7,40,2019,"Action, Adventure, Fantasy, Sci-Fi",526919,2019-11-12,
tt0816692,8,2023-04-11,Interstellar,https://www.imdb.com/title/tt0816692/,movie,8.6,169,2014,"Adventure, Drama, Sci-Fi",1888109,2014-10-26,Christopher Nolan
tt8172156,8,2023-01-16,Good Omens: The Book,https://www.imdb.com/title/tt8172156/,tvEpisode,8.0,56,2019,"Comedy, Fantasy",3214,2019-05-31,Douglas Mackinnon
tt8172158,10,2023-01-16,Good Omens: Hard Times,https://www.imdb.com/title/tt8172158/,tvEpisode,8.4,57,2019,"Comedy, Fantasy",3259,2019-05-31,Douglas Mackinnon
tt8172160,8,2023-01-16,Good Omens: The Doomsday Option,https://www.imdb.com/title/tt8172160/,tvEpisode,8.2,52,2019,"Comedy, Fantasy",2732,2019-05-31,Douglas Mackinnon
tt8172162,8,2023-01-16,Good Omens: The Very Last Day of the Rest of Their Lives,https://www.imdb.com/title/tt8172162/,tvEpisode,8.4,54,2019,"Comedy, Fantasy",2952,2019-05-31,Douglas Mackinnon
tt8179402,1,2021-06-16,Fate: The Winx Saga,https://www.imdb.com/title/tt8179402/,tvSeries,6.8,,2021,"Action, Adventure, Drama, Fantasy",51528,2021-01-22,
tt0830515,6,2021-06-11,Quantum of Solace,https://www.imdb.com/title/tt0830515/,movie,6.6,106,2008,"Action, Adventure, Mystery, Thriller",455942,2008-10-29,Marc Forster
tt8362852,7,2021-05-06,Swamp Thing,https://www.imdb.com/title/tt8362852/,tvSeries,7.4,60,2019,"Action, Adventure, Drama, Fantasy, Horror, Sci-Fi",26215,2019-05-31,
tt8385148,6,2022-04-14,Hitman's Wife's Bodyguard,https://www.imdb.com/title/tt8385148/,movie,6.1,100,2021,"Action, Comedy, Crime, Thriller",98069,2021-06-10,Patrick Hughes
tt8416494,9,2021-05-06,Doom Patrol,https://www.imdb.com/title/tt8416494/,tvSeries,7.8,60,2019,"Action, Adventure, Comedy, Drama, Mystery, Sci-Fi",55692,2019-01-11,
tt8418238,10,2022-03-21,Doom Patrol: Danny Patrol,https://www.imdb.com/title/tt8418238/,tvEpisode,8.1,52,2019,"Action, Adventure, Comedy, Drama, Mystery, Sci-Fi",2798,2019-04-05,Dermott Downs
tt8434058,8,2022-02-16,She-Ra and the Princesses of Power: The Sword: Part 1,https://www.imdb.com/title/tt8434058/,tvEpisode,7.7,24,2018,"Animation, Action, Adventure, Comedy, Drama, Family, Fantasy, Romance, Sci-Fi",1548,2018-11-13,Adam Henry
tt8434652,8,2022-02-16,She-Ra and the Princesses of Power: The Sword: Part 2,https://www.imdb.com/title/tt8434652/,tvEpisode,7.8,24,2018,"Animation, Action, Adventure, Comedy, Drama, Family, Fantasy, Romance, Sci-Fi",1431,2018-11-13,Jen Bennett
tt8434654,9,2022-02-16,She-Ra and the Princesses of Power: Razz,https://www.imdb.com/title/tt8434654/,tvEpisode,7.6,24,2018,"Animation, Action, Adventure, Comedy, Drama, Family, Fantasy, Romance, Sci-Fi",1361,2018-11-13,Stephanie Stine
tt8434656,6,2022-02-16,She-Ra and the Princesses of Power: Flowers for She-Ra,https://www.imdb.com/title/tt8434656/,tvEpisode,7.3,24,2018,"Animation, Action, Adventure, Comedy, Drama, Family, Fantasy, Romance, Sci-Fi",1352,2018-11-13,Lianne Hughes
tt8434658,10,2022-02-16,She-Ra and the Princesses of Power: The Sea Gate,https://www.imdb.com/title/tt8434658/,tvEpisode,7.7,24,2018,"Animation, Action, Adventure, Comedy, Drama, Family, Fantasy, Romance, Sci-Fi",1337,2018-11-13,Jen Bennett
tt8479420,8,2021-09-06,What We Do in the Shadows: City Council,https://www.imdb.com/title/tt8479420/,tvEpisode,7.9,24,2019,"Comedy, Fantasy, Horror",2742,2019-04-03,Jemaine Clement
tt8479422,9,2021-09-18,What We Do in the Shadows: Werewolf Feud,https://www.imdb.com/title/tt8479422/,tvEpisode,8.1,25,2019,"Comedy, Fantasy, Horror",2629,2019-04-10,Jemaine Clement
tt8479424,8,2021-09-18,What We Do in the Shadows: Manhattan Night Club,https://www.imdb.com/title/tt8479424/,tvEpisode,7.9,23,2019,"Comedy, Fantasy, Horror",2413,2019-04-17,Jemaine Clement
tt8489306,10,2021-09-06,What We Do in the Shadows: Pilot,https://www.imdb.com/title/tt8489306/,tvEpisode,7.9,30,2019,"Comedy, Fantasy, Horror",3208,2019-03-04,Taika Waititi
tt0088763,9,2023-01-30,Back to the Future,https://www.imdb.com/title/tt0088763/,movie,8.5,116,1985,"Adventure, Comedy, Sci-Fi",1228667,1985-07-03,Robert Zemeckis
tt8946378,9,2021-05-31,Knives Out,https://www.imdb.com/title/tt8946378/,movie,7.9,130,2019,"Comedy, Crime, Drama, Mystery, Thriller",720007,2019-09-07,Rian Johnson
tt9009262,8,2021-09-18,"Deadly Class: Noise, Noise, Noise",https://www.imdb.com/title/tt9009262/,tvEpisode,7.6,46,2019,"Action, Adventure, Comedy, Crime, Drama, Thriller",722,2019-01-23,Adam Kane
tt9029146,6,2021-09-18,Deadly Class: Saudade,https://www.imdb.com/title/tt9029146/,tvEpisode,8.3,44,2019,"Action, Adventure, Comedy, Crime, Drama, Thriller",824,2019-02-13,Adam Kane
tt9029148,7,2021-09-18,Deadly Class: Snake Pit,https://www.imdb.com/title/tt9029148/,tvEpisode,7.7,43,2019,"Action, Adventure, Comedy, Crime, Drama, Thriller",664,2019-01-30,Adam Kane
tt9029150,9,2021-09-18,Deadly Class: Mirror People,https://www.imdb.com/title/tt9029150/,tvEpisode,8.1,42,2019,"Action, Adventure, Comedy, Crime, Drama, Thriller",656,2019-02-06,Alexis Ostrander
tt9032400,7,2022-10-09,Eternals,https://www.imdb.com/title/tt9032400/,movie,6.3,156,2021,"Action, Adventure, Fantasy, Sci-Fi",354229,2021-10-18,Chloé Zhao
tt9114286,7,2023-03-13,Black Panther: Wakanda Forever,https://www.imdb.com/title/tt9114286/,movie,6.7,161,2022,"Action, Adventure, Drama, Sci-Fi",254044,2022-11-09,Ryan Coogler
tt9140560,7,2021-07-10,WandaVision,https://www.imdb.com/title/tt9140560/,tvMiniSeries,7.9,350,2021,"Action, Comedy, Drama, Fantasy, Romance, Sci-Fi",336765,2021-01-15,
tt9208876,6,2022-10-09,The Falcon and the Winter Soldier,https://www.imdb.com/title/tt9208876/,tvMiniSeries,7.2,50,2021,"Action, Adventure, Drama, Sci-Fi",230418,2021-03-19,
tt9376612,5,2022-05-21,Shang-Chi and the Legend of the Ten Rings,https://www.imdb.com/title/tt9376612/,movie,7.4,132,2021,"Action, Adventure, Fantasy, Sci-Fi",396573,2021-08-16,Destin Daniel Cretton
tt0938283,1,2022-04-29,The Last Airbender,https://www.imdb.com/title/tt0938283/,movie,4.0,103,2010,"Action, Adventure, Family, Fantasy",166694,2010-06-30,M. Night Shyamalan
tt9419884,7,2023-01-29,Doctor Strange in the Multiverse of Madness,https://www.imdb.com/title/tt9419884/,movie,6.9,126,2022,"Action, Adventure, Fantasy, Horror, Sci-Fi",432910,2022-05-02,Sam Raimi
tt0948470,5,2022-09-19,The Amazing Spider-Man,https://www.imdb.com/title/tt0948470/,movie,6.9,136,2012,"Action, Adventure, Sci-Fi",668035,2012-06-13,Marc Webb
tt9601584,10,2022-07-29,WandaVision: Filmed Before a Live Studio Audience,https://www.imdb.com/title/tt9601584/,tvEpisode,7.3,30,2021,"Action, Comedy, Drama, Fantasy, Romance, Sci-Fi",26137,2021-01-15,Matt Shakman
tt9639470,9,2021-11-16,Last Night in Soho,https://www.imdb.com/title/tt9639470/,movie,7.0,116,2021,"Drama, Horror, Mystery, Thriller",147379,2021-09-04,Edgar Wright
tt9679520,8,2023-03-09,Fleabag: Episode #2.2,https://www.imdb.com/title/tt9679520/,tvEpisode,8.4,26,2019,"Comedy, Drama",3829,2019-03-11,Harry Bradbeer
tt9679522,9,2023-03-09,Fleabag: Episode #2.3,https://www.imdb.com/title/tt9679522/,tvEpisode,8.9,23,2019,"Comedy, Drama",4128,2019-03-18,Harry Bradbeer
tt9679524,1,2023-03-09,Fleabag: Episode #2.4,https://www.imdb.com/title/tt9679524/,tvEpisode,8.9,27,2019,"Comedy, Drama",4167,2019-03-25,Harry Bradbeer
tt9679526,6,2023-03-09,Fleabag: Episode #2.5,https://www.imdb.com/title/tt9679526/,tvEpisode,8.7,23,2019,"Comedy, Drama",3769,2019-04-01,Harry Bradbeer
tt0096874,7,2023-01-30,Back to the Future Part II,https://www.imdb.com/title/tt0096874/,movie,7.8,108,1989,"Adventure, Comedy, Sci-Fi",544462,1989-11-20,Robert Zemeckis
tt9704376,9,2023-01-16,The Grand Tour: The Grand Tour Presents: Seamen,https://www.imdb.com/title/tt9704376/,tvEpisode,8.6,91,2019,"Comedy, Sport, Talk-Show",3979,2019-12-13,Phil Churchward
tt9764362,9,2023-02-19,The Menu,https://www.imdb.com/title/tt9764362/,movie,7.2,107,2022,"Comedy, Horror, Thriller",289479,2022-09-10,Mark Mylod
tt9781722,9,2021-08-05,"Love, Death & Robots: Sonnie's Edge",https://www.imdb.com/title/tt9781722/,tvEpisode,8.2,17,2019,"Animation, Short, Action, Adventure, Comedy, Drama, Fantasy, Horror, Mystery, Sci-Fi, Thriller",23184,2019-03-15,"Dave Wilson, Gabriele Pennacchioli"
tt9788484,7,2021-08-05,"Love, Death & Robots: Three Robots",https://www.imdb.com/title/tt9788484/,tvEpisode,7.9,12,2019,"Animation, Short, Action, Adventure, Comedy, Drama, Fantasy, Horror, Mystery, Sci-Fi, Thriller",21636,2019-03-15,"Alfredo Torres, Víctor Maldonado, Gabriele Pennacchioli"
tt9788486,6,2021-08-05,"Love, Death & Robots: The Witness",https://www.imdb.com/title/tt9788486/,tvEpisode,7.8,12,2019,"Animation, Short, Action, Adventure, Comedy, Drama, Fantasy, Horror, Mystery, Sci-Fi, Thriller",20961,2019-03-15,"Gabriele Pennacchioli, Alberto Mielgo"
tt9788490,8,2021-08-05,"Love, Death & Robots: Suits",https://www.imdb.com/title/tt9788490/,tvEpisode,7.4,17,2019,"Animation, Short, Action, Adventure, Comedy, Drama, Fantasy, Horror, Mystery, Sci-Fi, Thriller",17725,2019-03-15,"Gabriele Pennacchioli, Franck Balson"
tt9788492,5,2021-08-05,"Love, Death & Robots: Sucker of Souls",https://www.imdb.com/title/tt9788492/,tvEpisode,6.4,13,2019,"Animation, Short, Action, Adventure, Comedy, Drama, Fantasy, Horror, Mystery, Sci-Fi, Thriller",16472,2019-03-15,"Owen Sullivan, Gabriele Pennacchioli"
tt9788494,7,2021-08-06,"Love, Death & Robots: When the Yogurt Took Over",https://www.imdb.com/title/tt9788494/,tvEpisode,6.8,6,2019,"Animation, Short, Action, Adventure, Comedy, Drama, Fantasy, Horror, Mystery, Sci-Fi, Thriller",17875,2019-03-15,"Alfredo Torres, Víctor Maldonado, Gabriele Pennacchioli"
tt9788496,10,2021-08-05,"Love, Death & Robots: Beyond the Aquila Rift",https://www.imdb.com/title/tt9788496/,tvEpisode,8.5,17,2019,"Animation, Short, Action, Adventure, Comedy, Drama, Fantasy, Horror, Mystery, Sci-Fi, Thriller",22740,2019-03-15,"Maxime Luère, Gabriele Pennacchioli, Dominique Boidin, Léon Bérelle, Rémi Kozyra"
tt9788498,7,2021-08-05,"Love, Death & Robots: Good Hunting",https://www.imdb.com/title/tt9788498/,tvEpisode,8.0,17,2019,"Animation, Short, Action, Adventure, Comedy, Drama, Fantasy, Horror, Mystery, Sci-Fi, Thriller",18065,2019-03-15,"Gabriele Pennacchioli, Dae Woo Lee, Oliver Thomas, Ki-Yong Bae"
tt9788500,7,2021-08-05,"Love, Death & Robots: The Dump",https://www.imdb.com/title/tt9788500/,tvEpisode,6.3,11,2019,"Animation, Short, Action, Adventure, Comedy, Drama, Fantasy, Horror, Mystery, Sci-Fi, Thriller",15325,2019-03-15,"Javier Recio Gracia, Gabriele Pennacchioli"
tt9788502,3,2021-08-06,"Love, Death & Robots: Shape-Shifters",https://www.imdb.com/title/tt9788502/,tvEpisode,7.4,16,2019,"Animation, Short, Action, Adventure, Comedy, Drama, Fantasy, Horror, Mystery, Sci-Fi, Thriller",16304,2019-03-15,Gabriele Pennacchioli
tt9788504,7,2021-08-05,"Love, Death & Robots: Helping Hand",https://www.imdb.com/title/tt9788504/,tvEpisode,7.4,10,2019,"Animation, Short, Action, Adventure, Comedy, Drama, Fantasy, Horror, Mystery, Sci-Fi, Thriller",15294,2019-03-15,"Jon Yeo, Gabriele Pennacchioli"
tt9788506,8,2021-08-05,"Love, Death & Robots: Fish Night",https://www.imdb.com/title/tt9788506/,tvEpisode,6.3,10,2019,"Animation, Short, Action, Adventure, Comedy, Drama, Fantasy, Horror, Mystery, Sci-Fi, Thriller",15093,2019-03-15,"Damian Nenow, Gabriele Pennacchioli"
tt9788508,8,2021-08-05,"Love, Death & Robots: Lucky 13",https://www.imdb.com/title/tt9788508/,tvEpisode,7.4,15,2019,"Animation, Short, Action, Adventure, Comedy, Drama, Fantasy, Horror, Mystery, Sci-Fi, Thriller",15192,2019-03-15,"Jerome Chen, Gabriele Pennacchioli"
tt9788510,10,2021-08-05,"Love, Death & Robots: Zima Blue",https://www.imdb.com/title/tt9788510/,tvEpisode,8.3,10,2019,"Animation, Short, Action, Adventure, Comedy, Drama, Fantasy, Horror, Mystery, Sci-Fi, Thriller",19456,2019-03-15,"Robert Valley, Gabriele Pennacchioli"
tt9788512,9,2022-04-28,"Love, Death & Robots: Blindspot",https://www.imdb.com/title/tt9788512/,tvEpisode,6.3,9,2019,"Animation, Short, Action, Adventure, Comedy, Drama, Fantasy, Horror, Mystery, Sci-Fi, Thriller",13565,2019-03-15,"Vitaliy Shushko, Gabriele Pennacchioli"
tt9788514,9,2022-04-28,"Love, Death & Robots: Ice Age",https://www.imdb.com/title/tt9788514/,tvEpisode,7.0,11,2019,"Animation, Short, Action, Adventure, Comedy, Drama, Fantasy, Horror, Mystery, Sci-Fi, Thriller",16360,2019-03-15,"Tim Miller, Gabriele Pennacchioli"
tt9788516,2,2021-08-05,"Love, Death & Robots: Alternate Histories",https://www.imdb.com/title/tt9788516/,tvEpisode,6.3,8,2019,"Animation, Short, Action, Adventure, Comedy, Drama, Fantasy, Horror, Mystery, Sci-Fi, Thriller",14741,2019-03-15,"Alfredo Torres, Víctor Maldonado, Gabriele Pennacchioli"
tt9788518,8,2021-08-05,"Love, Death & Robots: The Secret War",https://www.imdb.com/title/tt9788518/,tvEpisode,8.1,16,2019,"Animation, Short, Action, Adventure, Comedy, Drama, Fantasy, Horror, Mystery, Sci-Fi, Thriller",17227,2019-03-15,"Gabriele Pennacchioli, István Zorkóczy"
tt9828480,7,2021-09-26,Kimetsu no Yaiba: Cruelty,https://www.imdb.com/title/tt9828480/,tvEpisode,8.3,24,2019,"Animation, Action, Adventure, Fantasy, Thriller",4277,2019-04-06,Haruo Sotozaki
tt9848626,3,2023-03-13,Hotel Transylvania: Transformania,https://www.imdb.com/title/tt9848626/,movie,6.0,87,2022,"Animation, Adventure, Comedy, Family, Fantasy, Horror",33407,2022-01-13,"Jennifer Kluska, Derek Drymon"
tt0988045,8,2023-01-29,Sherlock Holmes,https://www.imdb.com/title/tt0988045/,movie,7.6,128,2009,"Action, Adventure, Mystery",645184,2009-12-14,Guy Ritchie
tt9913012,8,2021-09-26,Kimetsu no Yaiba: Trainer Sakonji Urokodaki,https://www.imdb.com/title/tt9913012/,tvEpisode,7.8,24,2019,"Animation, Action, Adventure, Fantasy, Thriller",3487,2019-04-13,Haruo Sotozaki
tt9913014,9,2021-09-26,Kimetsu no Yaiba: Sabito and Makomo,https://www.imdb.com/title/tt9913014/,tvEpisode,8.1,24,2019,"Animation, Action, Adventure, Fantasy, Thriller",3410,2019-04-20,"Haruo Sotozaki, Shin'ya Shimomura"
tt9913018,10,2021-09-29,Kimetsu no Yaiba: Final Selection,https://www.imdb.com/title/tt9913018/,tvEpisode,8.8,24,2019,"Animation, Action, Adventure, Fantasy, Thriller",3661,2019-04-27,"Haruo Sotozaki, Shin'ya Shimomura"
tt9913022,9,2021-09-29,Kimetsu no Yaiba: My Own Steel,https://www.imdb.com/title/tt9913022/,tvEpisode,8.0,24,2019,"Animation, Action, Adventure, Fantasy, Thriller",3154,2019-05-04,"Haruo Sotozaki, Takashi Suhara"
tt9913028,8,2021-10-02,Kimetsu no Yaiba: Swordsman Accompanying a Demon,https://www.imdb.com/title/tt9913028/,tvEpisode,8.0,24,2019,"Animation, Action, Adventure, Fantasy, Thriller",3084,2019-05-11,"Haruo Sotozaki, Jun'ichi Minamino"
tt9913036,10,2021-10-05,Kimetsu no Yaiba: Temari Demon and Arrow Demon,https://www.imdb.com/title/tt9913036/,tvEpisode,8.4,24,2019,"Animation, Action, Adventure, Fantasy, Thriller",3030,2019-06-01,"Haruo Sotozaki, Shin'ya Shimomura"
tt0993840,1,2021-06-16,Army of the Dead,https://www.imdb.com/title/tt0993840/,movie,5.7,148,2021,"Action, Crime, Drama, Horror, Sci-Fi, Thriller, War",177112,2021-05-14,Zack Snyder
